exposure,disease,district,n_cases,AF_perc,AN
pm2p5,Chronic Respiratory Disease,Moshi,36021,"18.0 (-10.2, 39.1) ","6 478 (-3 677, 14 089) "
pm2p5,Chronic Respiratory Disease,Siha,18160,"6.3 (-20.4, 29.1) ","1 148 (-3 705, 5 293) "
total_rainfall,Chronic Respiratory Disease,Moshi,36021,"0.1 (-18.6, 13.5) ","20 (-6 701, 4 846) "
total_rainfall,Chronic Respiratory Disease,Siha,18160,"4.0 (-15.3, 22.4) ","727 (-2 776, 4 068) "
n_raindays,Chronic Respiratory Disease,Moshi,36021,"-2.8 (-18.7, 10.5) ","-1 025 (-6 724, 3 781) "
n_raindays,Chronic Respiratory Disease,Siha,18160,"9.0 (-5.6, 22.5) ","1 637 (-1 010, 4 087) "
temp_min,Chronic Respiratory Disease,Moshi,36021,"4.4 (-14.3, 19.9) ","1 577 (-5 152, 7 153) "
temp_min,Chronic Respiratory Disease,Siha,18160,"5.4 (-15.8, 21.2) ","981 (-2 869, 3 859) "
temp_mean,Chronic Respiratory Disease,Moshi,36021,"-0.3 (-14.0, 10.7) ","-106 (-5 057, 3 871) "
temp_mean,Chronic Respiratory Disease,Siha,18160,"9.2 (-7.0, 22.3) ","1 671 (-1 273, 4 046) "
temp_max,Chronic Respiratory Disease,Moshi,36021,"1.3 (-8.3, 10.6) ","458 (-2 997, 3 812) "
temp_max,Chronic Respiratory Disease,Siha,18160,"3.3 (-4.5, 10.0) ","592 (-813, 1 820) "
utci,Chronic Respiratory Disease,Moshi,36021,"-4.4 (-18.0, 5.6) ","-1 571 (-6 494, 2 018) "
utci,Chronic Respiratory Disease,Siha,18160,"4.9 (-8.5, 15.9) ","886 (-1 547, 2 896) "
greenness,Chronic Respiratory Disease,Moshi,36021,"6.0 (-3.1, 14.6) ","2 169 (-1 125, 5 274) "
greenness,Chronic Respiratory Disease,Siha,18160,"8.7 (0.3, 16.2)*","1 583 (53, 2 947)*"
pm2p5,Hypertension,Moshi,159390,"3.9 (-21.4, 24.0) ","6 206 (-34 127, 38 177) "
pm2p5,Hypertension,Siha,50928,"0.0 (-25.3, 19.3) ","-24 (-12 907, 9 816) "
total_rainfall,Hypertension,Moshi,159390,"3.0 (-10.0, 15.0) ","4 727 (-15 979, 23 979) "
total_rainfall,Hypertension,Siha,50928,"-0.6 (-19.2, 14.4) ","-303 (-9 789, 7 323) "
n_raindays,Hypertension,Moshi,159390,"1.0 (-11.6, 11.4) ","1 609 (-18 515, 18 200) "
n_raindays,Hypertension,Siha,50928,"5.2 (-7.9, 15.9) ","2 651 (-4 020, 8 114) "
temp_min,Hypertension,Moshi,159390,"4.3 (-8.1, 14.4) ","6 881 (-12 938, 23 026) "
temp_min,Hypertension,Siha,50928,"3.0 (-19.4, 19.9) ","1 527 (-9 898, 10 124) "
temp_mean,Hypertension,Moshi,159390,"-2.5 (-13.3, 6.9) ","-3 928 (-21 234, 11 057) "
temp_mean,Hypertension,Siha,50928,"0.9 (-34.2, 28.8) ","477 (-17 419, 14 645) "
temp_max,Hypertension,Moshi,159390,"0.7 (-7.1, 7.7) ","1 049 (-11 342, 12 238) "
temp_max,Hypertension,Siha,50928,"3.9 (-2.3, 9.8) ","1 995 (-1 150, 4 994) "
utci,Hypertension,Moshi,159390,"0.9 (-10.8, 10.2) ","1 385 (-17 209, 16 273) "
utci,Hypertension,Siha,50928,"-0.9 (-18.3, 14.2) ","-472 (-9 312, 7 220) "
greenness,Hypertension,Moshi,159390,"1.4 (-5.1, 7.3) ","2 224 (-8 112, 11 684) "
greenness,Hypertension,Siha,50928,"4.4 (-2.9, 11.2) ","2 231 (-1 459, 5 692) "
pm2p5,Diabetes Mellitus,Moshi,103831,"-6.6 (-44.1, 21.3) ","-6 842 (-45 784, 22 088) "
pm2p5,Diabetes Mellitus,Siha,28880,"17.9 (-11.2, 41.6) ","5 174 (-3 235, 12 023) "
total_rainfall,Diabetes Mellitus,Moshi,103831,"-1.2 (-19.6, 13.6) ","-1 256 (-20 332, 14 122) "
total_rainfall,Diabetes Mellitus,Siha,28880,"11.3 (-8.1, 31.5) ","3 253 (-2 341, 9 084) "
n_raindays,Diabetes Mellitus,Moshi,103831,"1.7 (-14.5, 15.7) ","1 744 (-15 030, 16 351) "
n_raindays,Diabetes Mellitus,Siha,28880,"5.7 (-11.1, 19.1) ","1 635 (-3 192, 5 504) "
temp_min,Diabetes Mellitus,Moshi,103831,"2.3 (-20.6, 20.3) ","2 426 (-21 374, 21 048) "
temp_min,Diabetes Mellitus,Siha,28880,"-3.7 (-34.1, 18.2) ","-1 077 (-9 842, 5 246) "
temp_mean,Diabetes Mellitus,Moshi,103831,"-4.6 (-19.7, 7.2) ","-4 828 (-20 458, 7 508) "
temp_mean,Diabetes Mellitus,Siha,28880,"4.0 (-5.3, 12.2) ","1 165 (-1 518, 3 534) "
temp_max,Diabetes Mellitus,Moshi,103831,"-1.0 (-11.7, 8.2) ","-999 (-12 132, 8 532) "
temp_max,Diabetes Mellitus,Siha,28880,"4.2 (-3.6, 12.1) ","1 202 (-1 031, 3 508) "
utci,Diabetes Mellitus,Moshi,103831,"-1.6 (-16.2, 9.7) ","-1 645 (-16 868, 10 043) "
utci,Diabetes Mellitus,Siha,28880,"3.6 (-12.7, 17.7) ","1 044 (-3 660, 5 121) "
greenness,Diabetes Mellitus,Moshi,103831,"2.8 (-7.2, 12.0) ","2 944 (-7 444, 12 455) "
greenness,Diabetes Mellitus,Siha,28880,"61.1 (34.9, 76.3)*","17 653 (10 073, 22 047)*"
pm2p5,Upper Respiratory Infections,Moshi,528158,"-3.1 (-31.3, 19.4) ","-16 185 (-165 100, 102 494) "
pm2p5,Upper Respiratory Infections,Siha,372518,"1.2 (-24.7, 21.3) ","4 465 (-91 948, 79 495) "
total_rainfall,Upper Respiratory Infections,Moshi,528158,"2.2 (-11.6, 13.6) ","11 373 (-61 263, 71 711) "
total_rainfall,Upper Respiratory Infections,Siha,372518,"11.4 (-7.0, 32.7) ","42 410 (-26 064, 121 804) "
n_raindays,Upper Respiratory Infections,Moshi,528158,"-3.1 (-16.8, 7.6) ","-16 384 (-88 898, 40 199) "
n_raindays,Upper Respiratory Infections,Siha,372518,"13.3 (1.7, 23.7)*","49 426 (6 208, 88 140)*"
temp_min,Upper Respiratory Infections,Moshi,528158,"6.0 (-11.2, 20.9) ","31 620 (-59 414, 110 402) "
temp_min,Upper Respiratory Infections,Siha,372518,"4.2 (-2.0, 10.7) ","15 465 (-7 529, 39 718) "
temp_mean,Upper Respiratory Infections,Moshi,528158,"0.8 (-14.7, 13.2) ","4 352 (-77 485, 69 661) "
temp_mean,Upper Respiratory Infections,Siha,372518,"3.2 (-3.7, 9.5) ","11 868 (-13 769, 35 321) "
temp_max,Upper Respiratory Infections,Moshi,528158,"-3.2 (-15.5, 6.8) ","-16 728 (-81 764, 35 711) "
temp_max,Upper Respiratory Infections,Siha,372518,"2.4 (-3.9, 8.3) ","8 782 (-14 509, 30 881) "
utci,Upper Respiratory Infections,Moshi,528158,"0.8 (-10.5, 11.3) ","4 118 (-55 409, 59 746) "
utci,Upper Respiratory Infections,Siha,372518,"4.5 (-6.0, 13.5) ","16 854 (-22 537, 50 372) "
greenness,Upper Respiratory Infections,Moshi,528158,"0.6 (-5.6, 6.1) ","3 206 (-29 689, 32 303) "
greenness,Upper Respiratory Infections,Siha,372518,"2.3 (-5.3, 8.9) ","8 754 (-19 761, 33 193) "
pm2p5,Diarrhea,Moshi,59024,"-33.6 (-85.6, -0.1)*","-19 847 (-50 501, -76)*"
pm2p5,Diarrhea,Siha,33840,"2.9 (-28.0, 25.9) ","977 (-9 479, 8 768) "
total_rainfall,Diarrhea,Moshi,59024,"-6.9 (-26.4, 8.2) ","-4 056 (-15 604, 4 856) "
total_rainfall,Diarrhea,Siha,33840,"-7.9 (-44.8, 12.5) ","-2 667 (-15 148, 4 230) "
n_raindays,Diarrhea,Moshi,59024,"1.5 (-15.9, 14.7) ","885 (-9 388, 8 703) "
n_raindays,Diarrhea,Siha,33840,"1.8 (-17.2, 15.7) ","626 (-5 835, 5 303) "
temp_min,Diarrhea,Moshi,59024,"4.8 (-11.1, 17.4) ","2 813 (-6 551, 10 272) "
temp_min,Diarrhea,Siha,33840,"-3.4 (-32.1, 16.6) ","-1 135 (-10 859, 5 623) "
temp_mean,Diarrhea,Moshi,59024,"4.1 (-9.2, 16.3) ","2 413 (-5 429, 9 630) "
temp_mean,Diarrhea,Siha,33840,"5.2 (-13.9, 20.1) ","1 761 (-4 710, 6 793) "
temp_max,Diarrhea,Moshi,59024,"3.9 (-6.1, 14.2) ","2 324 (-3 614, 8 388) "
temp_max,Diarrhea,Siha,33840,"6.9 (-5.1, 16.9) ","2 338 (-1 720, 5 710) "
utci,Diarrhea,Moshi,59024,"3.8 (-8.0, 14.1) ","2 239 (-4 742, 8 321) "
utci,Diarrhea,Siha,33840,"0.0 (-7.4, 6.5) ","-4 (-2 489, 2 216) "
greenness,Diarrhea,Moshi,59024,"0.8 (-10.3, 9.9) ","496 (-6 093, 5 866) "
greenness,Diarrhea,Siha,33840,"3.8 (-5.6, 12.7) ","1 288 (-1 892, 4 296) "
pm2p5,Urinary Tract Infections,Moshi,301626,"-9.2 (-44.0, 15.8) ","-27 875 (-132 693, 47 736) "
pm2p5,Urinary Tract Infections,Siha,144068,"2.7 (-23.4, 23.1) ","3 955 (-33 726, 33 219) "
total_rainfall,Urinary Tract Infections,Moshi,301626,"1.9 (-12.4, 15.1) ","5 588 (-37 488, 45 431) "
total_rainfall,Urinary Tract Infections,Siha,144068,"8.1 (-8.9, 31.3) ","11 618 (-12 816, 45 164) "
n_raindays,Urinary Tract Infections,Moshi,301626,"0.3 (-14.5, 11.5) ","809 (-43 731, 34 759) "
n_raindays,Urinary Tract Infections,Siha,144068,"18.2 (6.1, 29.2)*","26 204 (8 802, 42 115)*"
temp_min,Urinary Tract Infections,Moshi,301626,"4.6 (-9.1, 16.1) ","13 826 (-27 377, 48 554) "
temp_min,Urinary Tract Infections,Siha,144068,"3.4 (-22.6, 28.3) ","4 924 (-32 631, 40 762) "
temp_mean,Urinary Tract Infections,Moshi,301626,"2.7 (-10.4, 14.0) ","8 132 (-31 243, 42 209) "
temp_mean,Urinary Tract Infections,Siha,144068,"5.6 (-25.1, 34.7) ","8 135 (-36 192, 49 989) "
temp_max,Urinary Tract Infections,Moshi,301626,"1.4 (-11.0, 12.4) ","4 224 (-33 186, 37 287) "
temp_max,Urinary Tract Infections,Siha,144068,"3.3 (-3.9, 10.1) ","4 711 (-5 597, 14 492) "
utci,Urinary Tract Infections,Moshi,301626,"3.0 (-7.9, 12.5) ","8 929 (-23 695, 37 832) "
utci,Urinary Tract Infections,Siha,144068,"8.8 (-3.3, 18.9) ","12 631 (-4 745, 27 213) "
greenness,Urinary Tract Infections,Moshi,301626,"3.9 (-4.3, 11.1) ","11 823 (-12 997, 33 502) "
greenness,Urinary Tract Infections,Siha,144068,"6.1 (0.9, 11.1)*","8 791 (1 367, 16 041)*"
pm2p5,Malaria,Moshi,11338,"20.4 (-11.5, 43.3) ","2 308 (-1 299, 4 910) "
pm2p5,Malaria,Siha,5954,"-7.3 (-51.5, 21.9) ","-434 (-3 065, 1 305) "
total_rainfall,Malaria,Moshi,11338,"1.1 (-17.9, 19.1) ","130 (-2 028, 2 163) "
total_rainfall,Malaria,Siha,5954,"-1.8 (-31.2, 23.3) ","-107 (-1 858, 1 388) "
n_raindays,Malaria,Moshi,11338,"7.2 (-10.4, 22.2) ","819 (-1 185, 2 518) "
n_raindays,Malaria,Siha,5954,"9.9 (-8.3, 26.2) ","587 (-494, 1 558) "
temp_min,Malaria,Moshi,11338,"2.7 (-13.4, 16.0) ","305 (-1 522, 1 816) "
temp_min,Malaria,Siha,5954,"16.9 (-7.9, 34.6) ","1 003 (-470, 2 061) "
temp_mean,Malaria,Moshi,11338,"2.5 (-14.7, 17.9) ","288 (-1 664, 2 025) "
temp_mean,Malaria,Siha,5954,"10.7 (-14.5, 27.0) ","636 (-862, 1 605) "
temp_max,Malaria,Moshi,11338,"3.8 (-8.0, 16.1) ","435 (-902, 1 826) "
temp_max,Malaria,Siha,5954,"5.5 (-5.9, 15.5) ","327 (-350, 924) "
utci,Malaria,Moshi,11338,"0.2 (-15.6, 11.6) ","25 (-1 767, 1 310) "
utci,Malaria,Siha,5954,"-2.4 (-16.6, 7.8) ","-145 (-991, 465) "
greenness,Malaria,Moshi,11338,"2.6 (-9.0, 13.3) ","291 (-1 015, 1 502) "
greenness,Malaria,Siha,5954,"15.5 (5.3, 24.8)*","924 (314, 1 475)*"
pm2p5,Infectious Eye Disease,Moshi,17476,"-8.4 (-59.5, 23.2) ","-1 465 (-10 404, 4 055) "
pm2p5,Infectious Eye Disease,Siha,16027,"15.4 (-18.4, 40.8) ","2 461 (-2 950, 6 546) "
total_rainfall,Infectious Eye Disease,Moshi,17476,"2.9 (-15.6, 18.6) ","505 (-2 734, 3 249) "
total_rainfall,Infectious Eye Disease,Siha,16027,"-5.7 (-32.2, 13.4) ","-910 (-5 154, 2 141) "
n_raindays,Infectious Eye Disease,Moshi,17476,"-13.7 (-38.7, 3.3) ","-2 388 (-6 765, 578) "
n_raindays,Infectious Eye Disease,Siha,16027,"4.2 (-14.2, 18.4) ","679 (-2 281, 2 952) "
temp_min,Infectious Eye Disease,Moshi,17476,"1.7 (-25.4, 21.0) ","300 (-4 442, 3 673) "
temp_min,Infectious Eye Disease,Siha,16027,"7.5 (-21.2, 29.4) ","1 210 (-3 394, 4 704) "
temp_mean,Infectious Eye Disease,Moshi,17476,"2.1 (-15.6, 16.1) ","359 (-2 725, 2 821) "
temp_mean,Infectious Eye Disease,Siha,16027,"15.2 (-6.1, 31.8) ","2 440 (-971, 5 090) "
temp_max,Infectious Eye Disease,Moshi,17476,"6.4 (-4.7, 17.1) ","1 110 (-823, 2 996) "
temp_max,Infectious Eye Disease,Siha,16027,"8.5 (-5.5, 19.7) ","1 370 (-884, 3 153) "
utci,Infectious Eye Disease,Moshi,17476,"-1.5 (-16.1, 9.7) ","-271 (-2 805, 1 689) "
utci,Infectious Eye Disease,Siha,16027,"-3.0 (-33.4, 19.7) ","-477 (-5 347, 3 163) "
greenness,Infectious Eye Disease,Moshi,17476,"-0.1 (-13.3, 10.9) ","-11 (-2 317, 1 904) "
greenness,Infectious Eye Disease,Siha,16027,"2.5 (-9.1, 11.3) ","399 (-1 451, 1 815) "
pm2p5,"Pneumonia, Severe",Moshi,41830,"24.8 (-31.8, 57.8) ","10 358 (-13 317, 24 189) "
pm2p5,"Pneumonia, Severe",Siha,19547,"0.2 (-69.5, 39.6) ","32 (-13 584, 7 750) "
total_rainfall,"Pneumonia, Severe",Moshi,41830,"1.8 (-28.1, 27.5) ","760 (-11 770, 11 490) "
total_rainfall,"Pneumonia, Severe",Siha,19547,"-11.5 (-60.7, 24.9) ","-2 254 (-11 859, 4 863) "
n_raindays,"Pneumonia, Severe",Moshi,41830,"4.7 (-20.8, 23.5) ","1 983 (-8 714, 9 827) "
n_raindays,"Pneumonia, Severe",Siha,19547,"5.1 (-26.3, 26.6) ","989 (-5 139, 5 199) "
temp_min,"Pneumonia, Severe",Moshi,41830,"8.7 (-25.6, 35.1) ","3 642 (-10 709, 14 703) "
temp_min,"Pneumonia, Severe",Siha,19547,"0.6 (-42.0, 26.7) ","117 (-8 207, 5 225) "
temp_mean,"Pneumonia, Severe",Moshi,41830,"5.8 (-25.9, 26.2) ","2 416 (-10 824, 10 946) "
temp_mean,"Pneumonia, Severe",Siha,19547,"-6.5 (-33.2, 7.1) ","-1 276 (-6 484, 1 390) "
temp_max,"Pneumonia, Severe",Moshi,41830,"10.7 (-6.0, 29.2) ","4 489 (-2 491, 12 224) "
temp_max,"Pneumonia, Severe",Siha,19547,"1.5 (-14.6, 15.4) ","297 (-2 847, 3 013) "
utci,"Pneumonia, Severe",Moshi,41830,"6.8 (-8.9, 18.8) ","2 824 (-3 733, 7 872) "
utci,"Pneumonia, Severe",Siha,19547,"-0.2 (-14.6, 8.4) ","-32 (-2 856, 1 640) "
greenness,"Pneumonia, Severe",Moshi,41830,"7.0 (-9.1, 20.9) ","2 936 (-3 814, 8 724) "
greenness,"Pneumonia, Severe",Siha,19547,"0.5 (-18.0, 15.6) ","105 (-3 526, 3 055) "
pm2p5,Tuberculosis,Moshi,5669,"-3.4 (-112.8, 50.4) ","-195 (-6 395, 2 859) "
pm2p5,Tuberculosis,Siha,2098,"-19.3 (-155.8, 43.6) ","-405 (-3 269, 914) "
total_rainfall,Tuberculosis,Moshi,5669,"-4.9 (-48.5, 19.7) ","-277 (-2 749, 1 118) "
total_rainfall,Tuberculosis,Siha,2098,"-22.7 (-108.9, 29.6) ","-477 (-2 285, 622) "
n_raindays,Tuberculosis,Moshi,5669,"-0.9 (-44.7, 27.7) ","-53 (-2 532, 1 568) "
n_raindays,Tuberculosis,Siha,2098,"-4.3 (-64.0, 36.7) ","-89 (-1 343, 771) "
temp_min,Tuberculosis,Moshi,5669,"5.2 (-57.9, 41.9) ","297 (-3 283, 2 376) "
temp_min,Tuberculosis,Siha,2098,"0.7 (-56.7, 30.5) ","15 (-1 189, 640) "
temp_mean,Tuberculosis,Moshi,5669,"-7.2 (-86.4, 24.8) ","-411 (-4 899, 1 404) "
temp_mean,Tuberculosis,Siha,2098,"0.6 (-18.4, 15.0) ","12 (-386, 314) "
temp_max,Tuberculosis,Moshi,5669,"-5.6 (-33.8, 11.1) ","-319 (-1 917, 632) "
temp_max,Tuberculosis,Siha,2098,"8.9 (-11.6, 28.6) ","188 (-244, 601) "
utci,Tuberculosis,Moshi,5669,"2.0 (-38.6, 25.9) ","114 (-2 188, 1 471) "
utci,Tuberculosis,Siha,2098,"31.0 (0.0, 51.7) ","649 (0, 1 084) "
greenness,Tuberculosis,Moshi,5669,"-1.6 (-30.3, 16.0) ","-88 (-1 717, 909) "
greenness,Tuberculosis,Siha,2098,"17.5 (-24.4, 43.6) ","367 (-513, 914) "
pm2p5,Skin Infection - Fungal,Moshi,40593,"-8.1 (-37.9, 15.8) ","-3 295 (-15 384, 6 409) "
pm2p5,Skin Infection - Fungal,Siha,24890,"21.0 (0.3, 39.0)*","5 229 (71, 9 711)*"
total_rainfall,Skin Infection - Fungal,Moshi,40593,"1.1 (-12.6, 13.6) ","455 (-5 130, 5 514) "
total_rainfall,Skin Infection - Fungal,Siha,24890,"-2.8 (-22.7, 13.3) ","-697 (-5 649, 3 321) "
n_raindays,Skin Infection - Fungal,Moshi,40593,"6.4 (-5.3, 17.2) ","2 607 (-2 148, 7 000) "
n_raindays,Skin Infection - Fungal,Siha,24890,"-0.5 (-16.0, 11.6) ","-130 (-3 985, 2 883) "
temp_min,Skin Infection - Fungal,Moshi,40593,"-3.2 (-17.3, 8.3) ","-1 284 (-7 020, 3 371) "
temp_min,Skin Infection - Fungal,Siha,24890,"5.7 (-14.7, 22.6) ","1 429 (-3 647, 5 620) "
temp_mean,Skin Infection - Fungal,Moshi,40593,"-2.7 (-16.9, 9.3) ","-1 076 (-6 860, 3 756) "
temp_mean,Skin Infection - Fungal,Siha,24890,"7.3 (-6.6, 18.7) ","1 829 (-1 642, 4 651) "
temp_max,Skin Infection - Fungal,Moshi,40593,"-3.1 (-16.4, 7.5) ","-1 254 (-6 671, 3 031) "
temp_max,Skin Infection - Fungal,Siha,24890,"1.6 (-5.0, 7.5) ","392 (-1 241, 1 871) "
utci,Skin Infection - Fungal,Moshi,40593,"-2.8 (-14.2, 7.0) ","-1 150 (-5 747, 2 847) "
utci,Skin Infection - Fungal,Siha,24890,"-0.3 (-18.3, 14.1) ","-74 (-4 566, 3 505) "
greenness,Skin Infection - Fungal,Moshi,40593,"2.1 (-4.5, 8.0) ","846 (-1 820, 3 263) "
greenness,Skin Infection - Fungal,Siha,24890,"7.0 (-0.3, 13.7) ","1 743 (-67, 3 402) "
pm2p5,Malnutrition,Moshi,11172,"8.7 (-74.6, 52.3) ","973 (-8 337, 5 847) "
pm2p5,Malnutrition,Siha,7296,"1.6 (-94.6, 48.3) ","120 (-6 903, 3 524) "
total_rainfall,Malnutrition,Moshi,11172,"-8.0 (-61.1, 16.8) ","-894 (-6 827, 1 881) "
total_rainfall,Malnutrition,Siha,7296,"-42.8 (-150.9, 6.2) ","-3 122 (-11 007, 456) "
n_raindays,Malnutrition,Moshi,11172,"-13.7 (-68.9, 13.6) ","-1 530 (-7 696, 1 516) "
n_raindays,Malnutrition,Siha,7296,"10.1 (-38.4, 50.9) ","733 (-2 799, 3 712) "
temp_min,Malnutrition,Moshi,11172,"-5.9 (-51.8, 16.6) ","-663 (-5 784, 1 853) "
temp_min,Malnutrition,Siha,7296,"13.0 (-23.6, 38.4) ","950 (-1 722, 2 805) "
temp_mean,Malnutrition,Moshi,11172,"-5.0 (-42.1, 16.8) ","-555 (-4 707, 1 874) "
temp_mean,Malnutrition,Siha,7296,"12.6 (-36.5, 38.9) ","923 (-2 666, 2 836) "
temp_max,Malnutrition,Moshi,11172,"0.3 (-25.7, 20.2) ","33 (-2 874, 2 261) "
temp_max,Malnutrition,Siha,7296,"7.6 (-16.1, 27.0) ","554 (-1 178, 1 973) "
utci,Malnutrition,Moshi,11172,"-1.6 (-34.1, 18.1) ","-181 (-3 806, 2 019) "
utci,Malnutrition,Siha,7296,"34.6 (15.0, 45.8)*","2 525 (1 091, 3 342)*"
greenness,Malnutrition,Moshi,11172,"8.4 (-20.1, 28.8) ","936 (-2 244, 3 212) "
greenness,Malnutrition,Siha,7296,"69.3 (-11.2, 93.0) ","5 055 (-815, 6 786) "
pm2p5,Peptic Ulcers,Moshi,65879,"9.2 (-17.1, 28.7) ","6 052 (-11 260, 18 902) "
pm2p5,Peptic Ulcers,Siha,36814,"6.7 (-18.1, 26.3) ","2 453 (-6 662, 9 688) "
total_rainfall,Peptic Ulcers,Moshi,65879,"3.2 (-10.5, 14.9) ","2 135 (-6 918, 9 787) "
total_rainfall,Peptic Ulcers,Siha,36814,"-12.0 (-37.0, 4.6) ","-4 433 (-13 604, 1 697) "
n_raindays,Peptic Ulcers,Moshi,65879,"-3.9 (-16.5, 7.3) ","-2 591 (-10 899, 4 841) "
n_raindays,Peptic Ulcers,Siha,36814,"8.6 (-3.5, 18.4) ","3 167 (-1 280, 6 784) "
temp_min,Peptic Ulcers,Moshi,65879,"2.0 (-9.3, 11.1) ","1 332 (-6 100, 7 344) "
temp_min,Peptic Ulcers,Siha,36814,"8.5 (-11.9, 27.9) ","3 115 (-4 372, 10 286) "
temp_mean,Peptic Ulcers,Moshi,65879,"-0.8 (-11.5, 8.6) ","-541 (-7 592, 5 692) "
temp_mean,Peptic Ulcers,Siha,36814,"2.0 (-28.4, 27.0) ","735 (-10 461, 9 952) "
temp_max,Peptic Ulcers,Moshi,65879,"2.4 (-5.4, 10.5) ","1 613 (-3 587, 6 916) "
temp_max,Peptic Ulcers,Siha,36814,"3.4 (-3.0, 9.5) ","1 239 (-1 108, 3 480) "
utci,Peptic Ulcers,Moshi,65879,"2.0 (-9.2, 11.5) ","1 349 (-6 055, 7 568) "
utci,Peptic Ulcers,Siha,36814,"0.6 (-5.5, 5.9) ","229 (-2 008, 2 179) "
greenness,Peptic Ulcers,Moshi,65879,"4.9 (-2.7, 11.9) ","3 223 (-1 790, 7 868) "
greenness,Peptic Ulcers,Siha,36814,"5.7 (-1.7, 12.5) ","2 114 (-635, 4 593) "
pm2p5,Epilepsy,Moshi,22779,"13.9 (-28.4, 42.0) ","3 160 (-6 475, 9 560) "
pm2p5,Epilepsy,Siha,7774,"1.5 (-43.5, 32.8) ","118 (-3 386, 2 549) "
total_rainfall,Epilepsy,Moshi,22779,"3.8 (-15.8, 23.8) ","855 (-3 602, 5 414) "
total_rainfall,Epilepsy,Siha,7774,"-17.3 (-59.9, 6.7) ","-1 345 (-4 656, 518) "
n_raindays,Epilepsy,Moshi,22779,"3.0 (-17.4, 21.0) ","692 (-3 957, 4 785) "
n_raindays,Epilepsy,Siha,7774,"-10.6 (-39.3, 10.1) ","-828 (-3 058, 786) "
temp_min,Epilepsy,Moshi,22779,"7.9 (-16.8, 26.7) ","1 792 (-3 831, 6 084) "
temp_min,Epilepsy,Siha,7774,"12.0 (-20.3, 35.6) ","931 (-1 579, 2 766) "
temp_mean,Epilepsy,Moshi,22779,"4.3 (-14.5, 17.6) ","990 (-3 311, 4 008) "
temp_mean,Epilepsy,Siha,7774,"2.1 (-11.0, 12.8) ","160 (-855, 999) "
temp_max,Epilepsy,Moshi,22779,"2.7 (-10.9, 13.3) ","623 (-2 474, 3 021) "
temp_max,Epilepsy,Siha,7774,"5.1 (-6.5, 15.4) ","393 (-506, 1 199) "
utci,Epilepsy,Moshi,22779,"6.6 (-10.9, 19.4) ","1 492 (-2 490, 4 411) "
utci,Epilepsy,Siha,7774,"1.9 (-5.4, 10.3) ","145 (-418, 799) "
greenness,Epilepsy,Moshi,22779,"-0.8 (-13.7, 9.8) ","-172 (-3 127, 2 223) "
greenness,Epilepsy,Siha,7774,"0.6 (-12.6, 11.4) ","46 (-978, 886) "
pm2p5,Neuroses,Moshi,7148,"-5.9 (-83.4, 35.2) ","-424 (-5 959, 2 517) "
pm2p5,Neuroses,Siha,1975,"-20.1 (-110.8, 33.2) ","-398 (-2 187, 656) "
total_rainfall,Neuroses,Moshi,7148,"-6.9 (-55.2, 16.2) ","-494 (-3 945, 1 161) "
total_rainfall,Neuroses,Siha,1975,"-6.0 (-58.6, 20.2) ","-118 (-1 158, 399) "
n_raindays,Neuroses,Moshi,7148,"-23.8 (-73.0, 4.8) ","-1 704 (-5 221, 344) "
n_raindays,Neuroses,Siha,1975,"-6.8 (-49.6, 22.2) ","-134 (-980, 438) "
temp_min,Neuroses,Moshi,7148,"7.9 (-31.0, 35.7) ","565 (-2 215, 2 554) "
temp_min,Neuroses,Siha,1975,"6.4 (-40.4, 38.2) ","126 (-799, 755) "
temp_mean,Neuroses,Moshi,7148,"11.0 (-25.1, 37.4) ","789 (-1 797, 2 674) "
temp_mean,Neuroses,Siha,1975,"9.4 (-13.0, 27.1) ","185 (-257, 535) "
temp_max,Neuroses,Moshi,7148,"5.9 (-23.9, 26.9) ","423 (-1 709, 1 920) "
temp_max,Neuroses,Siha,1975,"-1.6 (-19.6, 11.6) ","-32 (-388, 229) "
utci,Neuroses,Moshi,7148,"-1.8 (-27.4, 14.1) ","-126 (-1 958, 1 011) "
utci,Neuroses,Siha,1975,"-3.1 (-29.7, 14.2) ","-61 (-587, 280) "
greenness,Neuroses,Moshi,7148,"16.2 (-3.6, 30.5) ","1 158 (-255, 2 179) "
greenness,Neuroses,Siha,1975,"8.1 (-15.1, 28.8) ","161 (-299, 569) "
pm2p5,Psychoses,Moshi,36177,"19.5 (-33.3, 53.6) ","7 054 (-12 048, 19 380) "
pm2p5,Psychoses,Siha,2310,"32.4 (-12.1, 62.5) ","748 (-280, 1 444) "
total_rainfall,Psychoses,Moshi,36177,"2.6 (-22.6, 23.9) ","952 (-8 180, 8 642) "
total_rainfall,Psychoses,Siha,2310,"-7.2 (-50.8, 19.5) ","-166 (-1 173, 451) "
n_raindays,Psychoses,Moshi,36177,"-4.0 (-29.8, 17.2) ","-1 441 (-10 773, 6 208) "
n_raindays,Psychoses,Siha,2310,"-4.2 (-39.8, 18.9) ","-97 (-920, 437) "
temp_min,Psychoses,Moshi,36177,"10.9 (-19.1, 34.7) ","3 933 (-6 897, 12 570) "
temp_min,Psychoses,Siha,2310,"13.4 (-16.5, 32.9) ","310 (-381, 761) "
temp_mean,Psychoses,Moshi,36177,"6.8 (-22.7, 26.9) ","2 446 (-8 213, 9 726) "
temp_mean,Psychoses,Siha,2310,"9.6 (-3.3, 21.7) ","222 (-76, 501) "
temp_max,Psychoses,Moshi,36177,"4.1 (-18.5, 21.7) ","1 473 (-6 706, 7 859) "
temp_max,Psychoses,Siha,2310,"10.3 (-2.8, 22.2) ","238 (-65, 513) "
utci,Psychoses,Moshi,36177,"7.9 (-11.0, 22.5) ","2 872 (-3 990, 8 156) "
utci,Psychoses,Siha,2310,"-6.3 (-29.5, 8.8) ","-146 (-682, 202) "
greenness,Psychoses,Moshi,36177,"3.5 (-12.7, 17.1) ","1 252 (-4 606, 6 169) "
greenness,Psychoses,Siha,2310,"-0.2 (-18.3, 13.3) ","-4 (-422, 307) "
pm2p5,Dysentery,Moshi,7158,"-10.0 (-128.3, 43.8) ","-719 (-9 186, 3 137) "
pm2p5,Dysentery,Siha,2526,"19.5 (-50.0, 63.1) ","492 (-1 263, 1 593) "
total_rainfall,Dysentery,Moshi,7158,"-3.0 (-45.9, 20.8) ","-216 (-3 288, 1 486) "
total_rainfall,Dysentery,Siha,2526,"15.8 (-26.2, 46.4) ","400 (-663, 1 173) "
n_raindays,Dysentery,Moshi,7158,"3.1 (-33.8, 27.1) ","225 (-2 420, 1 938) "
n_raindays,Dysentery,Siha,2526,"0.3 (-51.0, 29.3) ","7 (-1 287, 740) "
temp_min,Dysentery,Moshi,7158,"5.8 (-44.6, 40.9) ","417 (-3 192, 2 925) "
temp_min,Dysentery,Siha,2526,"-7.5 (-73.7, 31.2) ","-190 (-1 860, 787) "
temp_mean,Dysentery,Moshi,7158,"-6.9 (-77.3, 24.2) ","-495 (-5 530, 1 732) "
temp_mean,Dysentery,Siha,2526,"8.2 (-34.1, 38.1) ","208 (-862, 963) "
temp_max,Dysentery,Moshi,7158,"-7.0 (-33.5, 10.8) ","-498 (-2 399, 774) "
temp_max,Dysentery,Siha,2526,"10.8 (-11.9, 27.8) ","273 (-300, 701) "
utci,Dysentery,Moshi,7158,"-9.3 (-59.3, 17.6) ","-666 (-4 248, 1 260) "
utci,Dysentery,Siha,2526,"-0.9 (-33.1, 20.7) ","-23 (-835, 524) "
greenness,Dysentery,Moshi,7158,"1.7 (-36.8, 25.1) ","124 (-2 637, 1 798) "
greenness,Dysentery,Siha,2526,"-1.9 (-27.8, 14.4) ","-48 (-703, 364) "
pm2p5,Intestinal Worms,Moshi,54299,"4.1 (-21.1, 24.7) ","2 229 (-11 465, 13 426) "
pm2p5,Intestinal Worms,Siha,72710,"6.5 (-16.2, 24.6) ","4 760 (-11 806, 17 917) "
total_rainfall,Intestinal Worms,Moshi,54299,"1.4 (-11.5, 14.3) ","763 (-6 263, 7 754) "
total_rainfall,Intestinal Worms,Siha,72710,"-12.0 (-35.8, 5.5) ","-8 753 (-26 051, 4 008) "
n_raindays,Intestinal Worms,Moshi,54299,"0.7 (-12.8, 11.0) ","373 (-6 961, 5 995) "
n_raindays,Intestinal Worms,Siha,72710,"-3.5 (-18.8, 8.7) ","-2 525 (-13 651, 6 295) "
temp_min,Intestinal Worms,Moshi,54299,"3.2 (-8.3, 12.6) ","1 759 (-4 504, 6 854) "
temp_min,Intestinal Worms,Siha,72710,"-0.7 (-15.9, 11.7) ","-480 (-11 589, 8 477) "
temp_mean,Intestinal Worms,Moshi,54299,"1.1 (-11.8, 11.3) ","596 (-6 400, 6 143) "
temp_mean,Intestinal Worms,Siha,72710,"8.7 (0.7, 16.0)*","6 355 (522, 11 606)*"
temp_max,Intestinal Worms,Moshi,54299,"1.4 (-6.4, 8.5) ","786 (-3 471, 4 590) "
temp_max,Intestinal Worms,Siha,72710,"5.0 (-2.3, 10.9) ","3 652 (-1 705, 7 958) "
utci,Intestinal Worms,Moshi,54299,"1.1 (-12.0, 11.4) ","593 (-6 495, 6 182) "
utci,Intestinal Worms,Siha,72710,"4.7 (0.6, 8.6)*","3 444 (457, 6 268)*"
greenness,Intestinal Worms,Moshi,54299,"2.1 (-4.3, 8.2) ","1 164 (-2 314, 4 458) "
greenness,Intestinal Worms,Siha,72710,"2.4 (-3.0, 7.3) ","1 720 (-2 159, 5 285) "
pm2p5,Neoplasms/Cancer,Moshi,3426,"0.8 (-107.4, 51.2) ","27 (-3 679, 1 753) "
pm2p5,Neoplasms/Cancer,Siha,2074,"31.3 (-39.1, 68.1) ","650 (-810, 1 412) "
total_rainfall,Neoplasms/Cancer,Moshi,3426,"-9.9 (-62.1, 19.8) ","-340 (-2 128, 679) "
total_rainfall,Neoplasms/Cancer,Siha,2074,"2.5 (-150.5, 63.9) ","53 (-3 122, 1 325) "
n_raindays,Neoplasms/Cancer,Moshi,3426,"7.2 (-32.8, 35.7) ","245 (-1 123, 1 222) "
n_raindays,Neoplasms/Cancer,Siha,2074,"35.8 (-30.6, 65.9) ","742 (-634, 1 366) "
temp_min,Neoplasms/Cancer,Moshi,3426,"-6.2 (-102.0, 34.0) ","-213 (-3 493, 1 165) "
temp_min,Neoplasms/Cancer,Siha,2074,"18.5 (-30.0, 48.8) ","384 (-622, 1 013) "
temp_mean,Neoplasms/Cancer,Moshi,3426,"-0.6 (-61.0, 28.8) ","-21 (-2 091, 988) "
temp_mean,Neoplasms/Cancer,Siha,2074,"45.3 (-45.7, 77.0) ","940 (-947, 1 596) "
temp_max,Neoplasms/Cancer,Moshi,3426,"4.3 (-34.5, 29.0) ","149 (-1 182, 994) "
temp_max,Neoplasms/Cancer,Siha,2074,"31.1 (2.6, 46.1)*","645 (53, 956)*"
utci,Neoplasms/Cancer,Moshi,3426,"1.9 (-29.1, 25.7) ","65 (-996, 880) "
utci,Neoplasms/Cancer,Siha,2074,"6.6 (-22.0, 40.3) ","137 (-457, 835) "
greenness,Neoplasms/Cancer,Moshi,3426,"-6.3 (-33.5, 7.3) ","-216 (-1 147, 251) "
greenness,Neoplasms/Cancer,Siha,2074,"70.8 (38.4, 84.4)*","1 468 (797, 1 751)*"
pm2p5,Other Cardiovascular Diseases,Moshi,18968,"3.5 (-42.8, 33.6) ","655 (-8 117, 6 365) "
pm2p5,Other Cardiovascular Diseases,Siha,4754,"2.1 (-42.2, 29.8) ","98 (-2 004, 1 416) "
total_rainfall,Other Cardiovascular Diseases,Moshi,18968,"3.7 (-17.6, 21.0) ","702 (-3 341, 3 990) "
total_rainfall,Other Cardiovascular Diseases,Siha,4754,"-7.9 (-42.6, 14.7) ","-374 (-2 025, 699) "
n_raindays,Other Cardiovascular Diseases,Moshi,18968,"6.2 (-13.2, 21.5) ","1 167 (-2 497, 4 078) "
n_raindays,Other Cardiovascular Diseases,Siha,4754,"0.1 (-25.0, 20.1) ","2 (-1 191, 958) "
temp_min,Other Cardiovascular Diseases,Moshi,18968,"3.9 (-26.7, 27.5) ","743 (-5 067, 5 218) "
temp_min,Other Cardiovascular Diseases,Siha,4754,"6.4 (-29.1, 31.5) ","305 (-1 384, 1 497) "
temp_mean,Other Cardiovascular Diseases,Moshi,18968,"-5.2 (-29.1, 12.1) ","-988 (-5 514, 2 290) "
temp_mean,Other Cardiovascular Diseases,Siha,4754,"2.3 (-9.6, 13.3) ","111 (-454, 634) "
temp_max,Other Cardiovascular Diseases,Moshi,18968,"-0.3 (-13.2, 13.4) ","-52 (-2 498, 2 550) "
temp_max,Other Cardiovascular Diseases,Siha,4754,"3.9 (-8.0, 14.3) ","185 (-381, 681) "
utci,Other Cardiovascular Diseases,Moshi,18968,"-4.5 (-26.3, 11.0) ","-849 (-4 983, 2 077) "
utci,Other Cardiovascular Diseases,Siha,4754,"1.8 (-5.9, 11.9) ","86 (-279, 566) "
greenness,Other Cardiovascular Diseases,Moshi,18968,"6.4 (-7.2, 18.6) ","1 214 (-1 361, 3 527) "
greenness,Other Cardiovascular Diseases,Siha,4754,"-1.2 (-14.7, 9.9) ","-57 (-699, 473) "
pm2p5,Mild/Moderate Anemia,Moshi,25408,"-3.4 (-51.3, 28.2) ","-868 (-13 033, 7 157) "
pm2p5,Mild/Moderate Anemia,Siha,14959,"-17.2 (-78.4, 19.0) ","-2 577 (-11 735, 2 846) "
total_rainfall,Mild/Moderate Anemia,Moshi,25408,"3.6 (-16.0, 20.0) ","903 (-4 062, 5 081) "
total_rainfall,Mild/Moderate Anemia,Siha,14959,"-12.2 (-58.5, 11.3) ","-1 819 (-8 757, 1 692) "
n_raindays,Mild/Moderate Anemia,Moshi,25408,"-0.7 (-20.8, 15.3) ","-167 (-5 280, 3 885) "
n_raindays,Mild/Moderate Anemia,Siha,14959,"-16.1 (-54.6, 5.5) ","-2 409 (-8 162, 818) "
temp_min,Mild/Moderate Anemia,Moshi,25408,"0.7 (-22.6, 17.0) ","181 (-5 735, 4 323) "
temp_min,Mild/Moderate Anemia,Siha,14959,"1.9 (-34.9, 27.1) ","283 (-5 219, 4 059) "
temp_mean,Mild/Moderate Anemia,Moshi,25408,"1.1 (-18.7, 16.6) ","289 (-4 759, 4 218) "
temp_mean,Mild/Moderate Anemia,Siha,14959,"6.0 (-5.7, 17.4) ","901 (-853, 2 601) "
temp_max,Mild/Moderate Anemia,Moshi,25408,"2.0 (-11.4, 14.7) ","504 (-2 896, 3 741) "
temp_max,Mild/Moderate Anemia,Siha,14959,"6.4 (-4.6, 16.6) ","963 (-686, 2 484) "
utci,Mild/Moderate Anemia,Moshi,25408,"-4.7 (-20.9, 8.0) ","-1 187 (-5 300, 2 024) "
utci,Mild/Moderate Anemia,Siha,14959,"1.2 (-11.5, 20.6) ","172 (-1 726, 3 088) "
greenness,Mild/Moderate Anemia,Moshi,25408,"-2.3 (-13.8, 7.0) ","-580 (-3 502, 1 782) "
greenness,Mild/Moderate Anemia,Siha,14959,"3.8 (-9.6, 15.5) ","576 (-1 442, 2 325) "
pm2p5,Caries,Moshi,15793,"8.4 (-67.6, 51.3) ","1 325 (-10 679, 8 094) "
pm2p5,Caries,Siha,9705,"-33.5 (-169.3, 27.2) ","-3 249 (-16 433, 2 638) "
total_rainfall,Caries,Moshi,15793,"6.7 (-25.8, 27.8) ","1 058 (-4 071, 4 396) "
total_rainfall,Caries,Siha,9705,"-6.4 (-72.5, 21.6) ","-621 (-7 032, 2 094) "
n_raindays,Caries,Moshi,15793,"8.8 (-25.2, 33.3) ","1 387 (-3 978, 5 257) "
n_raindays,Caries,Siha,9705,"-5.7 (-54.4, 20.8) ","-553 (-5 278, 2 020) "
temp_min,Caries,Moshi,15793,"-1.1 (-58.1, 30.0) ","-172 (-9 174, 4 738) "
temp_min,Caries,Siha,9705,"6.4 (-14.3, 25.8) ","623 (-1 390, 2 500) "
temp_mean,Caries,Moshi,15793,"-3.2 (-40.0, 18.1) ","-499 (-6 319, 2 863) "
temp_mean,Caries,Siha,9705,"14.6 (-13.9, 32.9) ","1 412 (-1 351, 3 197) "
temp_max,Caries,Moshi,15793,"-0.7 (-22.2, 15.6) ","-108 (-3 511, 2 466) "
temp_max,Caries,Siha,9705,"19.4 (0.3, 36.6)*","1 880 (25, 3 555)*"
utci,Caries,Moshi,15793,"-7.3 (-44.2, 14.3) ","-1 147 (-6 980, 2 256) "
utci,Caries,Siha,9705,"0.2 (-18.0, 18.9) ","16 (-1 744, 1 832) "
greenness,Caries,Moshi,15793,"-1.1 (-22.6, 14.1) ","-174 (-3 566, 2 225) "
greenness,Caries,Siha,9705,"8.1 (-14.0, 27.1) ","781 (-1 363, 2 633) "
pm2p5,Poisoning,Moshi,4734,"-7.1 (-102.4, 34.3) ","-338 (-4 846, 1 623) "
pm2p5,Poisoning,Siha,1415,"10.0 (-48.9, 47.4) ","141 (-691, 670) "
total_rainfall,Poisoning,Moshi,4734,"-2.4 (-32.2, 20.9) ","-112 (-1 523, 991) "
total_rainfall,Poisoning,Siha,1415,"-26.9 (-121.0, 17.1) ","-381 (-1 711, 242) "
n_raindays,Poisoning,Moshi,4734,"-3.7 (-34.7, 21.2) ","-176 (-1 643, 1 005) "
n_raindays,Poisoning,Siha,1415,"-17.0 (-68.7, 15.4) ","-241 (-972, 218) "
temp_min,Poisoning,Moshi,4734,"16.1 (-9.9, 34.9) ","764 (-467, 1 651) "
temp_min,Poisoning,Siha,1415,"23.9 (-33.7, 59.1) ","338 (-477, 836) "
temp_mean,Poisoning,Moshi,4734,"10.5 (-16.8, 29.9) ","498 (-796, 1 413) "
temp_mean,Poisoning,Siha,1415,"-2.5 (-22.4, 11.1) ","-35 (-317, 157) "
temp_max,Poisoning,Moshi,4734,"7.2 (-12.7, 24.4) ","340 (-601, 1 157) "
temp_max,Poisoning,Siha,1415,"-1.0 (-19.7, 10.8) ","-15 (-279, 153) "
utci,Poisoning,Moshi,4734,"8.2 (-21.2, 27.2) ","389 (-1 002, 1 289) "
utci,Poisoning,Siha,1415,"2.6 (-9.2, 11.7) ","37 (-130, 166) "
greenness,Poisoning,Moshi,4734,"2.4 (-24.9, 22.6) ","112 (-1 180, 1 068) "
greenness,Poisoning,Siha,1415,"34.8 (5.4, 53.1)*","493 (76, 751)*"
pm2p5,Snake and Insect Bites,Moshi,1654,"-56.9 (-185.5, 5.2) ","-941 (-3 068, 87) "
pm2p5,Snake and Insect Bites,Siha,1444,"14.5 (-55.4, 52.2) ","210 (-800, 753) "
total_rainfall,Snake and Insect Bites,Moshi,1654,"-36.5 (-136.4, 8.5) ","-603 (-2 256, 140) "
total_rainfall,Snake and Insect Bites,Siha,1444,"20.2 (-17.2, 45.9) ","292 (-248, 662) "
n_raindays,Snake and Insect Bites,Moshi,1654,"-32.9 (-84.9, 4.2) ","-544 (-1 405, 69) "
n_raindays,Snake and Insect Bites,Siha,1444,"32.4 (7.0, 50.1)*","468 (101, 723)*"
temp_min,Snake and Insect Bites,Moshi,1654,"6.0 (-51.7, 37.1) ","99 (-855, 614) "
temp_min,Snake and Insect Bites,Siha,1444,"13.5 (-11.5, 29.9) ","194 (-166, 432) "
temp_mean,Snake and Insect Bites,Moshi,1654,"-4.6 (-56.2, 22.8) ","-76 (-929, 377) "
temp_mean,Snake and Insect Bites,Siha,1444,"13.1 (-9.3, 30.5) ","190 (-135, 441) "
temp_max,Snake and Insect Bites,Moshi,1654,"-6.7 (-44.7, 16.1) ","-110 (-739, 266) "
temp_max,Snake and Insect Bites,Siha,1444,"1.4 (-14.0, 14.0) ","20 (-202, 202) "
utci,Snake and Insect Bites,Moshi,1654,"1.4 (-23.0, 18.3) ","24 (-380, 302) "
utci,Snake and Insect Bites,Siha,1444,"2.5 (-21.0, 19.1) ","35 (-304, 276) "
greenness,Snake and Insect Bites,Moshi,1654,"5.7 (-10.7, 19.3) ","93 (-177, 320) "
greenness,Snake and Insect Bites,Siha,1444,"4.1 (-9.8, 15.0) ","59 (-141, 216) "
pm2p5,Substance Abuse,Moshi,3843,"-7.8 (-247.3, 65.4) ","-301 (-9 503, 2 514) "
pm2p5,Substance Abuse,Siha,1026,"30.8 (-114.2, 73.7) ","316 (-1 171, 756) "
total_rainfall,Substance Abuse,Moshi,3843,"-4.6 (-122.7, 32.0) ","-178 (-4 715, 1 231) "
total_rainfall,Substance Abuse,Siha,1026,"-14.0 (-114.4, 26.5) ","-143 (-1 173, 271) "
n_raindays,Substance Abuse,Moshi,3843,"5.2 (-66.8, 39.7) ","201 (-2 566, 1 527) "
n_raindays,Substance Abuse,Siha,1026,"-0.1 (-59.9, 29.5) ","-1 (-614, 303) "
temp_min,Substance Abuse,Moshi,3843,"-5.1 (-151.7, 41.2) ","-195 (-5 829, 1 583) "
temp_min,Substance Abuse,Siha,1026,"12.5 (-86.6, 53.5) ","128 (-889, 549) "
temp_mean,Substance Abuse,Moshi,3843,"-13.0 (-165.6, 33.8) ","-499 (-6 363, 1 298) "
temp_mean,Substance Abuse,Siha,1026,"18.9 (-30.9, 50.2) ","194 (-317, 515) "
temp_max,Substance Abuse,Moshi,3843,"-8.4 (-66.6, 21.7) ","-321 (-2 559, 833) "
temp_max,Substance Abuse,Siha,1026,"26.0 (-17.5, 53.6) ","267 (-179, 550) "
utci,Substance Abuse,Moshi,3843,"-12.8 (-104.4, 26.7) ","-492 (-4 012, 1 025) "
utci,Substance Abuse,Siha,1026,"-2.6 (-53.6, 18.0) ","-27 (-550, 185) "
greenness,Substance Abuse,Moshi,3843,"76.5 (30.3, 90.3)*","2 938 (1 164, 3 472)*"
greenness,Substance Abuse,Siha,1026,"45.7 (-1.9, 68.9) ","468 (-20, 707) "
pm2p5,Fractures,Moshi,28317,"-4.0 (-60.6, 33.2) ","-1 128 (-17 149, 9 388) "
pm2p5,Fractures,Siha,10255,"-7.5 (-66.6, 31.0) ","-772 (-6 833, 3 176) "
total_rainfall,Fractures,Moshi,28317,"-1.4 (-28.3, 16.6) ","-410 (-8 009, 4 711) "
total_rainfall,Fractures,Siha,10255,"0.6 (-33.4, 23.6) ","63 (-3 424, 2 415) "
n_raindays,Fractures,Moshi,28317,"2.9 (-19.9, 21.4) ","807 (-5 628, 6 055) "
n_raindays,Fractures,Siha,10255,"8.5 (-19.4, 28.2) ","869 (-1 985, 2 890) "
temp_min,Fractures,Moshi,28317,"9.0 (-21.3, 33.5) ","2 539 (-6 041, 9 482) "
temp_min,Fractures,Siha,10255,"12.9 (-20.1, 36.3) ","1 319 (-2 065, 3 726) "
temp_mean,Fractures,Moshi,28317,"2.5 (-27.8, 23.3) ","722 (-7 876, 6 598) "
temp_mean,Fractures,Siha,10255,"5.7 (-10.4, 19.6) ","583 (-1 071, 2 015) "
temp_max,Fractures,Moshi,28317,"-0.3 (-16.3, 13.7) ","-89 (-4 627, 3 880) "
temp_max,Fractures,Siha,10255,"3.9 (-9.0, 15.7) ","398 (-919, 1 608) "
utci,Fractures,Moshi,28317,"2.8 (-15.1, 16.0) ","805 (-4 284, 4 539) "
utci,Fractures,Siha,10255,"4.4 (-3.4, 13.3) ","448 (-345, 1 367) "
greenness,Fractures,Moshi,28317,"4.9 (-8.9, 16.7) ","1 392 (-2 527, 4 722) "
greenness,Fractures,Siha,10255,"-1.8 (-15.9, 9.7) ","-185 (-1 632, 994) "
pm2p5,Road Traffic Accidents,Moshi,6859,"-22.1 (-104.4, 19.6) ","-1 513 (-7 164, 1 343) "
pm2p5,Road Traffic Accidents,Siha,5330,"17.5 (-26.5, 48.8) ","935 (-1 413, 2 600) "
total_rainfall,Road Traffic Accidents,Moshi,6859,"0.8 (-24.5, 18.9) ","54 (-1 683, 1 293) "
total_rainfall,Road Traffic Accidents,Siha,5330,"-14.0 (-55.6, 12.4) ","-745 (-2 963, 659) "
n_raindays,Road Traffic Accidents,Moshi,6859,"-0.4 (-24.3, 19.2) ","-27 (-1 669, 1 317) "
n_raindays,Road Traffic Accidents,Siha,5330,"-3.6 (-33.5, 18.0) ","-192 (-1 787, 957) "
temp_min,Road Traffic Accidents,Moshi,6859,"2.8 (-32.4, 30.0) ","193 (-2 220, 2 061) "
temp_min,Road Traffic Accidents,Siha,5330,"0.1 (-43.1, 26.2) ","5 (-2 295, 1 396) "
temp_mean,Road Traffic Accidents,Moshi,6859,"0.4 (-31.9, 23.1) ","28 (-2 187, 1 586) "
temp_mean,Road Traffic Accidents,Siha,5330,"-0.6 (-15.8, 10.9) ","-34 (-843, 579) "
temp_max,Road Traffic Accidents,Moshi,6859,"-0.6 (-25.9, 18.0) ","-43 (-1 779, 1 232) "
temp_max,Road Traffic Accidents,Siha,5330,"2.7 (-8.9, 13.0) ","143 (-476, 694) "
utci,Road Traffic Accidents,Moshi,6859,"-2.8 (-26.6, 12.8) ","-191 (-1 821, 881) "
utci,Road Traffic Accidents,Siha,5330,"8.1 (0.6, 15.8)*","431 (34, 841)*"
greenness,Road Traffic Accidents,Moshi,6859,"6.8 (-13.2, 21.5) ","468 (-904, 1 478) "
greenness,Road Traffic Accidents,Siha,5330,"7.6 (-6.5, 19.9) ","403 (-345, 1 060) "
pm2p5,Typhoid,Moshi,3855,"-23.3 (-291.0, 48.8) ","-898 (-11 216, 1 882) "
pm2p5,Typhoid,Siha,1768,"-29.5 (-412.0, 63.0) ","-521 (-7 284, 1 114) "
total_rainfall,Typhoid,Moshi,3855,"-4.7 (-69.8, 32.2) ","-181 (-2 692, 1 241) "
total_rainfall,Typhoid,Siha,1768,"-43.7 (-525.1, 25.0) ","-773 (-9 285, 442) "
n_raindays,Typhoid,Moshi,3855,"9.9 (-48.2, 48.5) ","383 (-1 859, 1 869) "
n_raindays,Typhoid,Siha,1768,"-17.0 (-190.1, 39.3) ","-301 (-3 361, 695) "
temp_min,Typhoid,Moshi,3855,"-1.8 (-103.4, 33.9) ","-69 (-3 987, 1 308) "
temp_min,Typhoid,Siha,1768,"36.5 (-64.2, 90.6) ","645 (-1 134, 1 602) "
temp_mean,Typhoid,Moshi,3855,"-0.9 (-64.9, 30.7) ","-35 (-2 501, 1 182) "
temp_mean,Typhoid,Siha,1768,"64.5 (-109.2, 95.1) ","1 141 (-1 931, 1 682) "
temp_max,Typhoid,Moshi,3855,"0.5 (-38.6, 25.9) ","19 (-1 489, 997) "
temp_max,Typhoid,Siha,1768,"-4.4 (-90.8, 26.6) ","-79 (-1 605, 470) "
utci,Typhoid,Moshi,3855,"-3.1 (-51.3, 20.3) ","-119 (-1 979, 781) "
utci,Typhoid,Siha,1768,"98.3 (12.9, 100.0)*","1 739 (229, 1 768)*"
greenness,Typhoid,Moshi,3855,"1.5 (-38.1, 27.3) ","58 (-1 469, 1 052) "
greenness,Typhoid,Siha,1768,"96.4 (39.6, 99.9)*","1 705 (701, 1 767)*"
pm2p5,Leprosy,Moshi,323,"41.4 (-216.8, 96.1) ","134 (-700, 311) "
pm2p5,Leprosy,Siha,260,"99.8 (96.5, 100.0)*","260 (251, 260)*"
total_rainfall,Leprosy,Moshi,323,"1.0 (-128.3, 38.3) ","3 (-414, 124) "
total_rainfall,Leprosy,Siha,260,"-14.3 (-2 473.4, 57.8) ","-37 (-6 431, 150) "
n_raindays,Leprosy,Moshi,323,"2.9 (-207.9, 55.3) ","9 (-672, 179) "
n_raindays,Leprosy,Siha,260,"30.0 (-122.1, 73.4) ","78 (-317, 191) "
temp_min,Leprosy,Moshi,323,"9.6 (-61.6, 52.6) ","31 (-199, 170) "
temp_min,Leprosy,Siha,260,"18.1 (-136.5, 35.8) ","47 (-355, 93) "
temp_mean,Leprosy,Moshi,323,"-5.3 (-140.9, 32.8) ","-17 (-455, 106) "
temp_mean,Leprosy,Siha,260,"20.9 (-1 191.5, 69.5) ","54 (-3 098, 181) "
temp_max,Leprosy,Moshi,323,"-5.3 (-111.6, 27.7) ","-17 (-360, 89) "
temp_max,Leprosy,Siha,260,"52.0 (-101.1, 76.0) ","135 (-263, 198) "
utci,Leprosy,Moshi,323,"-7.2 (-115.7, 38.5) ","-23 (-374, 124) "
utci,Leprosy,Siha,260,"-1.7 (-500.0, 76.9) ","-4 (-1 300, 200) "
greenness,Leprosy,Moshi,323,"-12.5 (-165.9, 19.7) ","-40 (-536, 64) "
greenness,Leprosy,Siha,260,"5.6 (-151.2, 50.3) ","14 (-393, 131) "
pm2p5,Schistosomiasis,Moshi,599,"0.4 (-181.1, 60.2) ","2 (-1 085, 360) "
pm2p5,Schistosomiasis,Siha,262,"28.4 (-96.5, 82.5) ","74 (-253, 216) "
total_rainfall,Schistosomiasis,Moshi,599,"-15.2 (-97.4, 23.5) ","-91 (-583, 141) "
total_rainfall,Schistosomiasis,Siha,262,"-14.4 (-173.8, 24.6) ","-38 (-455, 65) "
n_raindays,Schistosomiasis,Moshi,599,"20.5 (-30.3, 57.6) ","123 (-181, 345) "
n_raindays,Schistosomiasis,Siha,262,"-28.6 (-309.2, 23.0) ","-75 (-810, 60) "
temp_min,Schistosomiasis,Moshi,599,"5.3 (-81.6, 44.0) ","32 (-489, 263) "
temp_min,Schistosomiasis,Siha,262,"4.9 (-50.9, 26.7) ","13 (-133, 70) "
temp_mean,Schistosomiasis,Moshi,599,"6.1 (-77.7, 44.1) ","37 (-465, 264) "
temp_mean,Schistosomiasis,Siha,262,"-6.9 (-141.5, 17.7) ","-18 (-371, 46) "
temp_max,Schistosomiasis,Moshi,599,"7.3 (-52.4, 41.1) ","44 (-314, 246) "
temp_max,Schistosomiasis,Siha,262,"3.1 (-98.7, 42.8) ","8 (-259, 112) "
utci,Schistosomiasis,Moshi,599,"7.4 (-57.2, 40.1) ","45 (-343, 240) "
utci,Schistosomiasis,Siha,262,"4.6 (-48.2, 38.1) ","12 (-126, 100) "
greenness,Schistosomiasis,Moshi,599,"-0.5 (-55.1, 27.0) ","-3 (-330, 162) "
greenness,Schistosomiasis,Siha,262,"82.8 (6.4, 97.5)*","217 (17, 255)*"
