exposure,disease,district,cf_E,IRR_E_q5,IRR_E_q95
pm2p5,Chronic Respiratory Disease,Moshi,6.7,"1.08 (0.92, 1.26) ","1.31 (1.09, 1.62)*"
pm2p5,Chronic Respiratory Disease,Siha,6.7,"1.02 (0.86, 1.20) ","1.08 (0.89, 1.31) "
total_rainfall,Chronic Respiratory Disease,Moshi,5.4,"1.00 (0.87, 1.17) ","1.11 (0.90, 1.38) "
total_rainfall,Chronic Respiratory Disease,Siha,0.0,"1.00 (0.78, 1.21) ","1.04 (0.86, 1.27) "
n_raindays,Chronic Respiratory Disease,Moshi,1.0,"1.00 (0.89, 1.12) ","1.04 (0.90, 1.21) "
n_raindays,Chronic Respiratory Disease,Siha,0.0,"1.00 (0.82, 1.19) ","1.20 (1.05, 1.38)*"
temp_min,Chronic Respiratory Disease,Moshi,16.0,"0.99 (0.84, 1.14) ","1.06 (0.82, 1.45) "
temp_min,Chronic Respiratory Disease,Siha,17.1,"1.32 (0.92, 1.93) ","0.98 (0.72, 1.30) "
temp_mean,Chronic Respiratory Disease,Moshi,22.6,"1.01 (0.84, 1.21) ","0.98 (0.75, 1.29) "
temp_mean,Chronic Respiratory Disease,Siha,22.8,"1.36 (0.96, 1.90) ","1.00 (0.79, 1.18) "
temp_max,Chronic Respiratory Disease,Moshi,28.8,"1.07 (0.92, 1.26) ","0.97 (0.76, 1.21) "
temp_max,Chronic Respiratory Disease,Siha,27.2,"1.15 (0.91, 1.44) ","1.00 (0.84, 1.14) "
utci,Chronic Respiratory Disease,Moshi,26.5,"1.00 (0.86, 1.15) ","0.91 (0.71, 1.17) "
utci,Chronic Respiratory Disease,Siha,29.7,"1.13 (0.93, 1.39) ","1.01 (0.89, 1.13) "
greenness,Chronic Respiratory Disease,Moshi,0.51,"1.16 (0.97, 1.39) ","1.01 (0.87, 1.17) "
greenness,Chronic Respiratory Disease,Siha,0.47,"0.97 (0.85, 1.10) ","1.22 (1.00, 1.55) "
pm2p5,Hypertension,Moshi,6.7,"1.03 (0.91, 1.16) ","1.03 (0.89, 1.19) "
pm2p5,Hypertension,Siha,6.7,"1.01 (0.88, 1.15) ","0.96 (0.81, 1.11) "
total_rainfall,Hypertension,Moshi,5.4,"1.00 (0.88, 1.12) ","1.05 (0.88, 1.26) "
total_rainfall,Hypertension,Siha,0.0,"1.00 (0.83, 1.20) ","1.00 (0.85, 1.19) "
n_raindays,Hypertension,Moshi,1.0,"1.00 (0.91, 1.10) ","1.05 (0.93, 1.18) "
n_raindays,Hypertension,Siha,0.0,"1.00 (0.87, 1.16) ","1.15 (1.03, 1.31)*"
temp_min,Hypertension,Moshi,17.0,"0.96 (0.83, 1.09) ","1.06 (0.84, 1.35) "
temp_min,Hypertension,Siha,17.3,"1.15 (0.85, 1.64) ","0.99 (0.78, 1.29) "
temp_mean,Hypertension,Moshi,22.8,"0.97 (0.84, 1.13) ","0.95 (0.76, 1.18) "
temp_mean,Hypertension,Siha,24.1,"1.21 (0.92, 2.13) ","0.94 (0.80, 1.58) "
temp_max,Hypertension,Moshi,29.0,"1.09 (0.96, 1.25) ","0.94 (0.77, 1.13) "
temp_max,Hypertension,Siha,27.2,"1.15 (0.96, 1.40) ","1.02 (0.91, 1.14) "
utci,Hypertension,Moshi,25.9,"0.95 (0.83, 1.07) ","1.03 (0.84, 1.27) "
utci,Hypertension,Siha,30.7,"0.93 (0.76, 1.12) ","1.00 (0.89, 1.11) "
greenness,Hypertension,Moshi,0.47,"1.05 (0.90, 1.23) ","1.03 (0.91, 1.17) "
greenness,Hypertension,Siha,0.47,"0.99 (0.90, 1.11) ","1.04 (0.88, 1.25) "
pm2p5,Diabetes Mellitus,Moshi,6.7,"0.98 (0.84, 1.13) ","0.92 (0.77, 1.11) "
pm2p5,Diabetes Mellitus,Siha,6.7,"1.13 (0.94, 1.36) ","1.10 (0.89, 1.34) "
total_rainfall,Diabetes Mellitus,Moshi,5.4,"1.00 (0.86, 1.16) ","0.94 (0.74, 1.19) "
total_rainfall,Diabetes Mellitus,Siha,0.0,"1.00 (0.73, 1.24) ","1.20 (0.97, 1.51) "
n_raindays,Diabetes Mellitus,Moshi,1.0,"1.00 (0.88, 1.14) ","0.99 (0.85, 1.16) "
n_raindays,Diabetes Mellitus,Siha,0.0,"1.00 (0.83, 1.20) ","1.09 (0.94, 1.26) "
temp_min,Diabetes Mellitus,Moshi,16.0,"0.98 (0.83, 1.15) ","0.98 (0.72, 1.33) "
temp_min,Diabetes Mellitus,Siha,17.2,"0.96 (0.64, 1.42) ","0.98 (0.73, 1.29) "
temp_mean,Diabetes Mellitus,Moshi,22.8,"0.98 (0.82, 1.19) ","0.89 (0.66, 1.18) "
temp_mean,Diabetes Mellitus,Siha,21.3,"1.14 (0.82, 1.66) ","1.05 (0.88, 1.29) "
temp_max,Diabetes Mellitus,Moshi,28.8,"1.08 (0.93, 1.28) ","0.90 (0.68, 1.14) "
temp_max,Diabetes Mellitus,Siha,27.2,"1.10 (0.88, 1.43) ","1.07 (0.93, 1.27) "
utci,Diabetes Mellitus,Moshi,26.5,"0.96 (0.81, 1.10) ","0.97 (0.74, 1.30) "
utci,Diabetes Mellitus,Siha,30.0,"1.04 (0.82, 1.31) ","0.98 (0.85, 1.11) "
greenness,Diabetes Mellitus,Moshi,0.51,"1.08 (0.88, 1.33) ","1.04 (0.89, 1.23) "
greenness,Diabetes Mellitus,Siha,0.70,"3.34 (2.81, 3.99)*","1.55 (1.13, 2.11)*"
pm2p5,Upper Respiratory Infections,Moshi,6.7,"0.98 (0.86, 1.10) ","1.04 (0.90, 1.23) "
pm2p5,Upper Respiratory Infections,Siha,6.7,"0.98 (0.86, 1.13) ","1.05 (0.90, 1.26) "
total_rainfall,Upper Respiratory Infections,Moshi,5.4,"1.00 (0.89, 1.13) ","1.07 (0.89, 1.28) "
total_rainfall,Upper Respiratory Infections,Siha,0.0,"1.00 (0.72, 1.22) ","1.16 (0.97, 1.41) "
n_raindays,Upper Respiratory Infections,Moshi,1.0,"1.00 (0.91, 1.11) ","1.03 (0.92, 1.16) "
n_raindays,Upper Respiratory Infections,Siha,0.0,"1.00 (0.86, 1.15) ","1.33 (1.19, 1.50)*"
temp_min,Upper Respiratory Infections,Moshi,16.0,"0.97 (0.84, 1.10) ","1.03 (0.82, 1.33) "
temp_min,Upper Respiratory Infections,Siha,14.8,"1.06 (0.80, 1.74) ","1.09 (0.89, 1.78) "
temp_mean,Upper Respiratory Infections,Moshi,21.9,"0.95 (0.82, 1.10) ","0.98 (0.79, 1.23) "
temp_mean,Upper Respiratory Infections,Siha,21.1,"1.08 (0.83, 1.42) ","1.06 (0.92, 1.28) "
temp_max,Upper Respiratory Infections,Moshi,27.3,"0.99 (0.87, 1.12) ","0.92 (0.76, 1.11) "
temp_max,Upper Respiratory Infections,Siha,27.2,"1.06 (0.89, 1.28) ","1.04 (0.93, 1.16) "
utci,Upper Respiratory Infections,Moshi,25.9,"0.93 (0.81, 1.06) ","0.95 (0.78, 1.15) "
utci,Upper Respiratory Infections,Siha,29.4,"1.09 (0.92, 1.29) ","0.98 (0.89, 1.08) "
greenness,Upper Respiratory Infections,Moshi,0.47,"1.05 (0.90, 1.21) ","0.99 (0.88, 1.11) "
greenness,Upper Respiratory Infections,Siha,0.47,"1.07 (0.95, 1.21) ","1.15 (0.98, 1.42) "
pm2p5,Diarrhea,Moshi,6.7,"0.88 (0.75, 1.03) ","0.72 (0.59, 0.85)*"
pm2p5,Diarrhea,Siha,6.7,"1.00 (0.83, 1.20) ","1.13 (0.92, 1.43) "
total_rainfall,Diarrhea,Moshi,5.4,"1.00 (0.87, 1.16) ","0.80 (0.63, 1.00)*"
total_rainfall,Diarrhea,Siha,0.0,"1.00 (0.78, 1.33) ","0.98 (0.78, 1.23) "
n_raindays,Diarrhea,Moshi,1.0,"1.00 (0.88, 1.14) ","1.09 (0.92, 1.26) "
n_raindays,Diarrhea,Siha,0.0,"1.00 (0.84, 1.22) ","1.10 (0.94, 1.28) "
temp_min,Diarrhea,Moshi,17.2,"1.13 (0.97, 1.37) ","1.02 (0.71, 1.36) "
temp_min,Diarrhea,Siha,17.2,"0.96 (0.64, 1.38) ","0.98 (0.73, 1.30) "
temp_mean,Diarrhea,Moshi,22.8,"1.15 (0.96, 1.42) ","1.05 (0.78, 1.35) "
temp_mean,Diarrhea,Siha,22.9,"1.13 (0.81, 1.64) ","1.00 (0.83, 1.22) "
temp_max,Diarrhea,Moshi,28.7,"1.07 (0.92, 1.28) ","1.09 (0.85, 1.41) "
temp_max,Diarrhea,Siha,28.8,"1.20 (0.97, 1.52) ","1.01 (0.88, 1.16) "
utci,Diarrhea,Moshi,26.5,"0.95 (0.80, 1.10) ","1.07 (0.83, 1.39) "
utci,Diarrhea,Siha,26.5,"0.92 (0.74, 1.15) ","1.10 (0.98, 1.26) "
greenness,Diarrhea,Moshi,0.51,"1.09 (0.89, 1.33) ","0.94 (0.79, 1.10) "
greenness,Diarrhea,Siha,0.47,"1.00 (0.87, 1.15) ","0.94 (0.73, 1.17) "
pm2p5,Urinary Tract Infections,Moshi,6.7,"0.96 (0.85, 1.10) ","0.95 (0.82, 1.13) "
pm2p5,Urinary Tract Infections,Siha,6.7,"1.02 (0.88, 1.18) ","1.03 (0.88, 1.21) "
total_rainfall,Urinary Tract Infections,Moshi,5.4,"1.00 (0.87, 1.13) ","1.01 (0.82, 1.22) "
total_rainfall,Urinary Tract Infections,Siha,0.0,"1.00 (0.71, 1.20) ","1.20 (1.00, 1.46)*"
n_raindays,Urinary Tract Infections,Moshi,1.0,"1.00 (0.90, 1.12) ","1.07 (0.95, 1.22) "
n_raindays,Urinary Tract Infections,Siha,0.0,"1.00 (0.84, 1.17) ","1.46 (1.29, 1.65)*"
temp_min,Urinary Tract Infections,Moshi,17.0,"0.95 (0.80, 1.08) ","1.08 (0.84, 1.44) "
temp_min,Urinary Tract Infections,Siha,17.3,"1.11 (0.79, 3.42) ","1.06 (0.82, 3.20) "
temp_mean,Urinary Tract Infections,Moshi,22.5,"0.98 (0.82, 1.13) ","1.07 (0.85, 1.36) "
temp_mean,Urinary Tract Infections,Siha,24.1,"1.25 (0.93, 1.89) ","1.01 (0.87, 1.41) "
temp_max,Urinary Tract Infections,Moshi,27.3,"1.02 (0.89, 1.16) ","1.04 (0.84, 1.27) "
temp_max,Urinary Tract Infections,Siha,27.3,"1.14 (0.93, 1.43) ","0.99 (0.87, 1.12) "
utci,Urinary Tract Infections,Moshi,26.5,"0.92 (0.78, 1.05) ","1.05 (0.85, 1.33) "
utci,Urinary Tract Infections,Siha,29.7,"1.20 (1.00, 1.45) ","0.98 (0.88, 1.09) "
greenness,Urinary Tract Infections,Moshi,0.51,"1.12 (0.96, 1.32) ","1.02 (0.90, 1.16) "
greenness,Urinary Tract Infections,Siha,0.52,"1.19 (1.06, 1.33)*","1.22 (1.04, 1.49)*"
pm2p5,Malaria,Moshi,6.7,"1.06 (0.88, 1.27) ","1.46 (1.20, 1.89)*"
pm2p5,Malaria,Siha,6.7,"0.95 (0.77, 1.17) ","1.06 (0.84, 1.39) "
total_rainfall,Malaria,Moshi,5.4,"1.00 (0.83, 1.17) ","0.94 (0.72, 1.25) "
total_rainfall,Malaria,Siha,0.0,"1.00 (0.73, 1.30) ","0.92 (0.70, 1.23) "
n_raindays,Malaria,Moshi,1.0,"1.00 (0.87, 1.15) ","1.13 (0.95, 1.35) "
n_raindays,Malaria,Siha,0.0,"1.00 (0.78, 1.24) ","1.17 (0.98, 1.40) "
temp_min,Malaria,Moshi,17.2,"1.03 (0.86, 1.22) ","1.06 (0.75, 1.45) "
temp_min,Malaria,Siha,17.1,"1.32 (0.68, 2.16) ","0.99 (0.53, 1.42) "
temp_mean,Malaria,Moshi,22.6,"1.10 (0.90, 1.41) ","1.01 (0.71, 1.37) "
temp_mean,Malaria,Siha,22.7,"1.18 (0.72, 1.81) ","1.01 (0.76, 1.27) "
temp_max,Malaria,Moshi,28.8,"1.13 (0.95, 1.38) ","1.00 (0.74, 1.30) "
temp_max,Malaria,Siha,27.3,"1.08 (0.77, 1.46) ","1.13 (0.92, 1.43) "
utci,Malaria,Moshi,27.1,"1.01 (0.86, 1.20) ","1.03 (0.74, 1.41) "
utci,Malaria,Siha,27.1,"0.91 (0.66, 1.19) ","1.10 (0.92, 1.29) "
greenness,Malaria,Moshi,0.47,"0.95 (0.75, 1.22) ","1.20 (0.99, 1.50) "
greenness,Malaria,Siha,0.52,"1.44 (1.20, 1.77)*","1.57 (1.18, 2.23)*"
pm2p5,Infectious Eye Disease,Moshi,6.7,"0.92 (0.77, 1.09) ","1.00 (0.83, 1.26) "
pm2p5,Infectious Eye Disease,Siha,6.7,"1.06 (0.84, 1.32) ","1.32 (1.04, 1.75)*"
total_rainfall,Infectious Eye Disease,Moshi,5.4,"1.00 (0.84, 1.17) ","1.04 (0.79, 1.34) "
total_rainfall,Infectious Eye Disease,Siha,0.0,"1.00 (0.79, 1.25) ","0.87 (0.69, 1.10) "
n_raindays,Infectious Eye Disease,Moshi,1.0,"1.00 (0.87, 1.17) ","0.85 (0.71, 1.02) "
n_raindays,Infectious Eye Disease,Siha,0.0,"1.00 (0.82, 1.22) ","1.16 (0.99, 1.39) "
temp_min,Infectious Eye Disease,Moshi,16.1,"1.02 (0.85, 1.22) ","0.99 (0.69, 1.38) "
temp_min,Infectious Eye Disease,Siha,17.3,"1.18 (0.80, 1.80) ","1.01 (0.76, 1.35) "
temp_mean,Infectious Eye Disease,Moshi,22.6,"1.09 (0.90, 1.37) ","1.05 (0.74, 1.41) "
temp_mean,Infectious Eye Disease,Siha,23.0,"1.56 (1.06, 2.46)*","1.00 (0.81, 1.22) "
temp_max,Infectious Eye Disease,Moshi,28.8,"1.14 (0.96, 1.38) ","1.15 (0.85, 1.49) "
temp_max,Infectious Eye Disease,Siha,28.6,"1.34 (1.04, 1.81)*","0.99 (0.84, 1.17) "
utci,Infectious Eye Disease,Moshi,27.1,"1.02 (0.87, 1.21) ","0.97 (0.73, 1.30) "
utci,Infectious Eye Disease,Siha,30.7,"0.86 (0.64, 1.14) ","1.00 (0.85, 1.19) "
greenness,Infectious Eye Disease,Moshi,0.51,"1.01 (0.80, 1.28) ","0.91 (0.75, 1.08) "
greenness,Infectious Eye Disease,Siha,0.47,"0.97 (0.81, 1.16) ","1.25 (0.94, 1.76) "
pm2p5,"Pneumonia, Severe",Moshi,6.7,"1.13 (0.85, 1.49) ","1.18 (0.85, 1.60) "
pm2p5,"Pneumonia, Severe",Siha,6.7,"1.02 (0.75, 1.40) ","0.84 (0.56, 1.16) "
total_rainfall,"Pneumonia, Severe",Moshi,5.4,"1.00 (0.74, 1.27) ","0.87 (0.57, 1.28) "
total_rainfall,"Pneumonia, Severe",Siha,0.0,"1.00 (0.66, 1.40) ","0.63 (0.43, 0.92)*"
n_raindays,"Pneumonia, Severe",Moshi,1.0,"1.00 (0.81, 1.24) ","1.16 (0.90, 1.57) "
n_raindays,"Pneumonia, Severe",Siha,0.0,"1.00 (0.74, 1.36) ","1.11 (0.86, 1.42) "
temp_min,"Pneumonia, Severe",Moshi,15.8,"1.00 (0.74, 1.26) ","1.18 (0.74, 2.17) "
temp_min,"Pneumonia, Severe",Siha,17.0,"0.93 (0.44, 1.65) ","0.99 (0.58, 1.41) "
temp_mean,"Pneumonia, Severe",Moshi,21.9,"1.07 (0.80, 1.43) ","1.16 (0.76, 1.89) "
temp_mean,"Pneumonia, Severe",Siha,21.4,"0.78 (0.38, 1.34) ","1.01 (0.76, 1.37) "
temp_max,"Pneumonia, Severe",Moshi,28.8,"1.20 (0.94, 1.62) ","1.28 (0.83, 1.90) "
temp_max,"Pneumonia, Severe",Siha,27.2,"0.95 (0.59, 1.40) ","1.14 (0.91, 1.52) "
utci,"Pneumonia, Severe",Moshi,27.1,"0.92 (0.69, 1.15) ","1.35 (0.88, 2.28) "
utci,"Pneumonia, Severe",Siha,25.8,"0.82 (0.51, 1.20) ","1.27 (1.02, 1.63)*"
greenness,"Pneumonia, Severe",Moshi,0.51,"1.36 (0.96, 2.03) ","1.06 (0.81, 1.40) "
greenness,"Pneumonia, Severe",Siha,0.47,"1.14 (0.91, 1.50) ","1.01 (0.65, 1.44) "
pm2p5,Tuberculosis,Moshi,6.7,"1.02 (0.70, 1.48) ","0.82 (0.50, 1.18) "
pm2p5,Tuberculosis,Siha,6.7,"0.99 (0.63, 1.60) ","0.61 (0.32, 0.95)*"
total_rainfall,Tuberculosis,Moshi,5.4,"1.00 (0.75, 1.37) ","0.89 (0.51, 1.48) "
total_rainfall,Tuberculosis,Siha,0.0,"1.00 (0.60, 1.58) ","0.47 (0.26, 0.86)*"
n_raindays,Tuberculosis,Moshi,1.0,"1.00 (0.74, 1.35) ","0.99 (0.68, 1.50) "
n_raindays,Tuberculosis,Siha,0.0,"1.00 (0.61, 1.57) ","0.75 (0.48, 1.13) "
temp_min,Tuberculosis,Moshi,15.5,"0.97 (0.68, 1.34) ","0.92 (0.46, 1.85) "
temp_min,Tuberculosis,Siha,16.7,"1.11 (0.23, 2.50) ","0.99 (0.24, 1.48) "
temp_mean,Tuberculosis,Moshi,21.4,"0.92 (0.65, 1.38) ","0.78 (0.40, 1.37) "
temp_mean,Tuberculosis,Siha,21.3,"0.83 (0.26, 1.78) ","1.11 (0.69, 1.62) "
temp_max,Tuberculosis,Moshi,29.2,"1.06 (0.79, 1.56) ","0.75 (0.40, 1.24) "
temp_max,Tuberculosis,Siha,27.0,"0.93 (0.43, 1.58) ","1.31 (0.97, 2.03) "
utci,Tuberculosis,Moshi,26.5,"0.97 (0.67, 1.30) ","1.03 (0.55, 1.91) "
utci,Tuberculosis,Siha,24.2,"0.89 (0.42, 1.59) ","2.19 (1.54, 3.44)*"
greenness,Tuberculosis,Moshi,0.47,"1.00 (0.59, 1.74) ","0.95 (0.63, 1.39) "
greenness,Tuberculosis,Siha,0.47,"0.83 (0.47, 1.38) ","1.07 (0.54, 3.14) "
pm2p5,Skin Infection - Fungal,Moshi,6.7,"1.02 (0.90, 1.15) ","0.87 (0.75, 1.01) "
pm2p5,Skin Infection - Fungal,Siha,6.7,"1.11 (0.96, 1.29) ","1.33 (1.14, 1.55)*"
total_rainfall,Skin Infection - Fungal,Moshi,5.4,"1.00 (0.88, 1.13) ","1.04 (0.88, 1.26) "
total_rainfall,Skin Infection - Fungal,Siha,0.0,"1.00 (0.82, 1.20) ","0.88 (0.75, 1.03) "
n_raindays,Skin Infection - Fungal,Moshi,1.0,"1.00 (0.90, 1.10) ","1.11 (0.99, 1.26) "
n_raindays,Skin Infection - Fungal,Siha,0.0,"1.00 (0.86, 1.18) ","1.05 (0.94, 1.18) "
temp_min,Skin Infection - Fungal,Moshi,17.2,"1.00 (0.88, 1.16) ","0.86 (0.67, 1.07) "
temp_min,Skin Infection - Fungal,Siha,17.3,"1.07 (0.79, 1.48) ","1.02 (0.82, 1.30) "
temp_mean,Skin Infection - Fungal,Moshi,22.5,"0.97 (0.84, 1.15) ","0.90 (0.69, 1.11) "
temp_mean,Skin Infection - Fungal,Siha,22.8,"1.21 (0.93, 1.60) ","1.00 (0.85, 1.17) "
temp_max,Skin Infection - Fungal,Moshi,27.3,"0.97 (0.85, 1.11) ","0.89 (0.72, 1.08) "
temp_max,Skin Infection - Fungal,Siha,27.2,"1.10 (0.93, 1.32) ","0.97 (0.86, 1.08) "
utci,Skin Infection - Fungal,Moshi,26.5,"0.98 (0.86, 1.11) ","0.91 (0.74, 1.13) "
utci,Skin Infection - Fungal,Siha,30.7,"0.92 (0.76, 1.10) ","1.00 (0.90, 1.12) "
greenness,Skin Infection - Fungal,Moshi,0.47,"1.01 (0.86, 1.19) ","1.12 (0.98, 1.28) "
greenness,Skin Infection - Fungal,Siha,0.47,"1.01 (0.90, 1.12) ","1.16 (0.98, 1.41) "
pm2p5,Malnutrition,Moshi,6.7,"1.07 (0.75, 1.50) ","1.03 (0.71, 1.48) "
pm2p5,Malnutrition,Siha,6.7,"1.00 (0.67, 1.52) ","0.84 (0.44, 1.29) "
total_rainfall,Malnutrition,Moshi,5.4,"1.00 (0.76, 1.43) ","0.92 (0.56, 1.54) "
total_rainfall,Malnutrition,Siha,0.0,"1.00 (0.62, 1.63) ","0.35 (0.20, 0.59)*"
n_raindays,Malnutrition,Moshi,1.0,"1.00 (0.78, 1.38) ","0.88 (0.62, 1.26) "
n_raindays,Malnutrition,Siha,0.0,"1.00 (0.50, 1.59) ","1.00 (0.67, 1.50) "
temp_min,Malnutrition,Moshi,17.5,"1.07 (0.82, 1.56) ","0.88 (0.40, 1.54) "
temp_min,Malnutrition,Siha,16.7,"1.24 (0.38, 2.77) ","0.99 (0.38, 1.57) "
temp_mean,Malnutrition,Moshi,23.1,"1.14 (0.84, 1.73) ","0.88 (0.41, 1.41) "
temp_mean,Malnutrition,Siha,22.2,"0.98 (0.30, 2.27) ","1.14 (0.51, 1.78) "
temp_max,Malnutrition,Moshi,28.8,"1.17 (0.88, 1.67) ","0.93 (0.51, 1.52) "
temp_max,Malnutrition,Siha,27.2,"1.11 (0.55, 2.01) ","1.22 (0.85, 1.78) "
utci,Malnutrition,Moshi,27.1,"1.02 (0.78, 1.38) ","0.97 (0.55, 1.68) "
utci,Malnutrition,Siha,23.2,"0.95 (0.53, 1.64) ","3.30 (2.36, 4.74)*"
greenness,Malnutrition,Moshi,0.51,"1.26 (0.81, 2.03) ","0.97 (0.67, 1.34) "
greenness,Malnutrition,Siha,0.70,"3.39 (2.30, 5.40)*","1.96 (0.86, 3.93) "
pm2p5,Peptic Ulcers,Moshi,6.7,"1.05 (0.92, 1.18) ","1.05 (0.91, 1.24) "
pm2p5,Peptic Ulcers,Siha,6.7,"1.05 (0.91, 1.21) ","0.94 (0.80, 1.10) "
total_rainfall,Peptic Ulcers,Moshi,5.4,"1.00 (0.88, 1.13) ","1.05 (0.87, 1.26) "
total_rainfall,Peptic Ulcers,Siha,0.0,"1.00 (0.84, 1.22) ","0.80 (0.68, 0.95)*"
n_raindays,Peptic Ulcers,Moshi,1.0,"1.00 (0.91, 1.10) ","0.97 (0.86, 1.09) "
n_raindays,Peptic Ulcers,Siha,0.0,"1.00 (0.87, 1.16) ","1.25 (1.12, 1.40)*"
temp_min,Peptic Ulcers,Moshi,17.2,"0.96 (0.83, 1.08) ","1.05 (0.84, 1.35) "
temp_min,Peptic Ulcers,Siha,17.3,"1.18 (0.88, 1.91) ","1.04 (0.85, 1.58) "
temp_mean,Peptic Ulcers,Moshi,22.8,"1.03 (0.89, 1.21) ","0.96 (0.77, 1.20) "
temp_mean,Peptic Ulcers,Siha,24.1,"1.14 (0.88, 1.63) ","0.98 (0.84, 1.24) "
temp_max,Peptic Ulcers,Moshi,28.8,"1.13 (0.99, 1.31) ","0.96 (0.79, 1.16) "
temp_max,Peptic Ulcers,Siha,27.2,"1.11 (0.92, 1.33) ","1.03 (0.92, 1.17) "
utci,Peptic Ulcers,Moshi,25.9,"0.95 (0.83, 1.07) ","1.06 (0.86, 1.30) "
utci,Peptic Ulcers,Siha,26.5,"0.98 (0.82, 1.16) ","1.06 (0.96, 1.17) "
greenness,Peptic Ulcers,Moshi,0.51,"1.13 (0.97, 1.32) ","0.97 (0.86, 1.09) "
greenness,Peptic Ulcers,Siha,0.47,"1.08 (0.97, 1.21) ","1.07 (0.89, 1.27) "
pm2p5,Epilepsy,Moshi,6.7,"1.07 (0.88, 1.31) ","1.13 (0.90, 1.42) "
pm2p5,Epilepsy,Siha,6.7,"1.02 (0.80, 1.30) ","0.98 (0.75, 1.28) "
total_rainfall,Epilepsy,Moshi,5.4,"1.00 (0.80, 1.19) ","1.02 (0.76, 1.38) "
total_rainfall,Epilepsy,Siha,0.0,"1.00 (0.78, 1.35) ","0.69 (0.52, 0.91)*"
n_raindays,Epilepsy,Moshi,1.0,"1.00 (0.84, 1.17) ","1.00 (0.81, 1.22) "
n_raindays,Epilepsy,Siha,0.0,"1.00 (0.79, 1.29) ","0.84 (0.69, 1.03) "
temp_min,Epilepsy,Moshi,16.3,"1.03 (0.82, 1.24) ","1.30 (0.92, 2.02) "
temp_min,Epilepsy,Siha,17.3,"1.34 (0.87, 2.15) ","1.02 (0.73, 1.36) "
temp_mean,Epilepsy,Moshi,22.8,"1.04 (0.79, 1.30) ","1.16 (0.84, 1.73) "
temp_mean,Epilepsy,Siha,21.4,"1.03 (0.63, 1.53) ","1.06 (0.83, 1.31) "
temp_max,Epilepsy,Moshi,29.0,"1.05 (0.84, 1.27) ","1.11 (0.82, 1.53) "
temp_max,Epilepsy,Siha,27.2,"1.02 (0.71, 1.37) ","1.23 (1.02, 1.49)*"
utci,Epilepsy,Moshi,26.5,"0.94 (0.77, 1.12) ","1.22 (0.88, 1.72) "
utci,Epilepsy,Siha,25.8,"0.91 (0.68, 1.19) ","1.23 (1.06, 1.47)*"
greenness,Epilepsy,Moshi,0.47,"0.94 (0.71, 1.22) ","1.02 (0.83, 1.26) "
greenness,Epilepsy,Siha,0.47,"0.97 (0.82, 1.16) ","0.91 (0.66, 1.18) "
pm2p5,Neuroses,Moshi,6.7,"0.97 (0.75, 1.28) ","0.96 (0.72, 1.30) "
pm2p5,Neuroses,Siha,6.7,"0.99 (0.70, 1.43) ","0.63 (0.42, 0.88)*"
total_rainfall,Neuroses,Moshi,5.4,"1.00 (0.79, 1.38) ","0.92 (0.60, 1.38) "
total_rainfall,Neuroses,Siha,0.0,"1.00 (0.74, 1.46) ","0.91 (0.61, 1.33) "
n_raindays,Neuroses,Moshi,1.0,"1.00 (0.80, 1.31) ","0.79 (0.60, 1.10) "
n_raindays,Neuroses,Siha,0.0,"1.00 (0.70, 1.41) ","0.83 (0.61, 1.12) "
temp_min,Neuroses,Moshi,15.8,"1.03 (0.79, 1.32) ","1.13 (0.65, 2.02) "
temp_min,Neuroses,Siha,17.2,"1.20 (0.52, 2.26) ","1.01 (0.50, 1.41) "
temp_mean,Neuroses,Moshi,21.7,"1.04 (0.75, 1.42) ","1.15 (0.71, 1.95) "
temp_mean,Neuroses,Siha,20.1,"0.88 (0.45, 1.53) ","1.24 (0.93, 1.73) "
temp_max,Neuroses,Moshi,27.1,"0.99 (0.72, 1.29) ","1.04 (0.66, 1.65) "
temp_max,Neuroses,Siha,26.7,"0.75 (0.46, 1.14) ","1.14 (0.91, 1.52) "
utci,Neuroses,Moshi,27.1,"1.01 (0.80, 1.31) ","0.96 (0.60, 1.52) "
utci,Neuroses,Siha,29.1,"0.94 (0.64, 1.37) ","1.03 (0.83, 1.30) "
greenness,Neuroses,Moshi,0.51,"1.78 (1.21, 2.74)*","1.03 (0.74, 1.36) "
greenness,Neuroses,Siha,0.47,"0.89 (0.59, 1.22) ","0.96 (0.57, 1.42) "
pm2p5,Psychoses,Moshi,6.7,"1.13 (0.88, 1.45) ","1.18 (0.90, 1.53) "
pm2p5,Psychoses,Siha,6.7,"1.18 (0.85, 1.62) ","1.35 (0.94, 1.82) "
total_rainfall,Psychoses,Moshi,5.4,"1.00 (0.79, 1.22) ","1.05 (0.75, 1.49) "
total_rainfall,Psychoses,Siha,0.0,"1.00 (0.74, 1.36) ","0.82 (0.57, 1.15) "
n_raindays,Psychoses,Moshi,1.0,"1.00 (0.83, 1.20) ","0.91 (0.70, 1.15) "
n_raindays,Psychoses,Siha,0.0,"1.00 (0.75, 1.36) ","0.92 (0.73, 1.16) "
temp_min,Psychoses,Moshi,16.0,"1.03 (0.79, 1.26) ","1.27 (0.85, 2.14) "
temp_min,Psychoses,Siha,16.9,"1.79 (0.77, 3.26) ","0.98 (0.41, 1.37) "
temp_mean,Psychoses,Moshi,21.9,"1.01 (0.76, 1.29) ","1.22 (0.82, 1.95) "
temp_mean,Psychoses,Siha,21.4,"1.49 (0.83, 2.76) ","1.09 (0.73, 1.41) "
temp_max,Psychoses,Moshi,27.3,"1.00 (0.78, 1.23) ","1.15 (0.82, 1.73) "
temp_max,Psychoses,Siha,27.0,"1.19 (0.79, 1.74) ","1.26 (1.01, 1.62)*"
utci,Psychoses,Moshi,26.5,"0.93 (0.71, 1.13) ","1.26 (0.86, 1.93) "
utci,Psychoses,Siha,28.7,"0.85 (0.59, 1.17) ","1.07 (0.89, 1.32) "
greenness,Psychoses,Moshi,0.51,"1.10 (0.81, 1.52) ","0.93 (0.72, 1.15) "
greenness,Psychoses,Siha,0.47,"0.92 (0.76, 1.14) ","0.92 (0.66, 1.24) "
pm2p5,Dysentery,Moshi,6.7,"0.96 (0.66, 1.37) ","1.03 (0.74, 1.82) "
pm2p5,Dysentery,Siha,6.7,"1.13 (0.74, 1.68) ","1.47 (1.01, 2.49)*"
total_rainfall,Dysentery,Moshi,5.4,"1.00 (0.76, 1.37) ","0.98 (0.61, 1.59) "
total_rainfall,Dysentery,Siha,0.0,"1.00 (0.59, 1.46) ","1.43 (0.88, 2.31) "
n_raindays,Dysentery,Moshi,1.0,"1.00 (0.76, 1.32) ","1.17 (0.85, 1.74) "
n_raindays,Dysentery,Siha,0.0,"1.00 (0.66, 1.55) ","1.13 (0.78, 1.66) "
temp_min,Dysentery,Moshi,15.7,"0.97 (0.67, 1.28) ","0.96 (0.50, 1.88) "
temp_min,Dysentery,Siha,17.1,"0.78 (0.34, 1.59) ","1.00 (0.63, 1.49) "
temp_mean,Dysentery,Moshi,21.5,"0.93 (0.67, 1.37) ","0.78 (0.39, 1.30) "
temp_mean,Dysentery,Siha,23.0,"1.18 (0.60, 2.63) ","1.01 (0.69, 1.38) "
temp_max,Dysentery,Moshi,29.0,"1.10 (0.84, 1.58) ","0.73 (0.38, 1.17) "
temp_max,Dysentery,Siha,28.8,"1.44 (0.91, 2.71) ","1.01 (0.72, 1.31) "
utci,Dysentery,Moshi,26.5,"0.93 (0.61, 1.27) ","0.71 (0.35, 1.29) "
utci,Dysentery,Siha,28.4,"0.95 (0.55, 1.57) ","1.05 (0.80, 1.45) "
greenness,Dysentery,Moshi,0.51,"1.04 (0.64, 1.68) ","1.00 (0.69, 1.43) "
greenness,Dysentery,Siha,0.47,"0.90 (0.64, 1.22) ","0.85 (0.47, 1.39) "
pm2p5,Intestinal Worms,Moshi,6.7,"1.02 (0.90, 1.14) ","1.03 (0.90, 1.19) "
pm2p5,Intestinal Worms,Siha,6.7,"1.02 (0.88, 1.16) ","1.11 (0.95, 1.29) "
total_rainfall,Intestinal Worms,Moshi,5.4,"1.00 (0.88, 1.12) ","0.97 (0.81, 1.16) "
total_rainfall,Intestinal Worms,Siha,0.0,"1.00 (0.84, 1.20) ","0.74 (0.62, 0.87)*"
n_raindays,Intestinal Worms,Moshi,1.0,"1.00 (0.91, 1.11) ","1.02 (0.91, 1.15) "
n_raindays,Intestinal Worms,Siha,0.0,"1.00 (0.86, 1.17) ","0.96 (0.86, 1.08) "
temp_min,Intestinal Worms,Moshi,17.3,"1.09 (0.96, 1.25) ","1.03 (0.79, 1.29) "
temp_min,Intestinal Worms,Siha,16.9,"1.05 (0.73, 1.39) ","0.98 (0.72, 1.23) "
temp_mean,Intestinal Worms,Moshi,22.6,"1.09 (0.94, 1.28) ","1.01 (0.78, 1.25) "
temp_mean,Intestinal Worms,Siha,21.6,"1.28 (0.86, 1.70) ","1.10 (0.81, 1.29) "
temp_max,Intestinal Worms,Moshi,28.8,"1.06 (0.94, 1.20) ","1.03 (0.84, 1.22) "
temp_max,Intestinal Worms,Siha,27.3,"1.14 (0.91, 1.40) ","1.08 (0.90, 1.23) "
utci,Intestinal Worms,Moshi,25.9,"0.97 (0.85, 1.09) ","1.04 (0.86, 1.29) "
utci,Intestinal Worms,Siha,25.2,"0.85 (0.71, 1.02) ","1.32 (1.19, 1.47)*"
greenness,Intestinal Worms,Moshi,0.47,"1.06 (0.91, 1.23) ","1.04 (0.93, 1.18) "
greenness,Intestinal Worms,Siha,0.52,"1.09 (0.99, 1.22) ","1.03 (0.88, 1.21) "
pm2p5,Neoplasms/Cancer,Moshi,6.7,"1.02 (0.71, 1.49) ","0.95 (0.59, 1.37) "
pm2p5,Neoplasms/Cancer,Siha,6.7,"1.11 (0.65, 1.74) ","1.53 (0.85, 2.80) "
total_rainfall,Neoplasms/Cancer,Moshi,5.4,"1.00 (0.74, 1.38) ","0.77 (0.45, 1.29) "
total_rainfall,Neoplasms/Cancer,Siha,0.0,"1.00 (0.29, 2.37) ","0.35 (0.17, 0.66)*"
n_raindays,Neoplasms/Cancer,Moshi,1.0,"1.00 (0.73, 1.33) ","1.11 (0.75, 1.64) "
n_raindays,Neoplasms/Cancer,Siha,0.0,"1.00 (0.47, 2.08) ","1.27 (0.80, 1.99) "
temp_min,Neoplasms/Cancer,Moshi,15.1,"1.00 (0.72, 1.41) ","0.90 (0.45, 1.65) "
temp_min,Neoplasms/Cancer,Siha,16.6,"1.22 (0.11, 3.37) ","1.01 (0.10, 1.77) "
temp_mean,Neoplasms/Cancer,Moshi,21.5,"0.94 (0.63, 1.33) ","0.96 (0.54, 1.79) "
temp_mean,Neoplasms/Cancer,Siha,18.5,"1.14 (0.26, 3.00) ","2.75 (1.27, 4.28)*"
temp_max,Neoplasms/Cancer,Moshi,27.1,"0.95 (0.66, 1.29) ","1.06 (0.62, 1.92) "
temp_max,Neoplasms/Cancer,Siha,25.6,"0.85 (0.34, 1.88) ","3.15 (2.06, 4.97)*"
utci,Neoplasms/Cancer,Moshi,27.1,"1.04 (0.73, 1.43) ","0.95 (0.51, 1.77) "
utci,Neoplasms/Cancer,Siha,26.1,"0.79 (0.36, 1.75) ","1.89 (1.26, 3.61)*"
greenness,Neoplasms/Cancer,Moshi,0.46,"0.82 (0.49, 1.31) ","0.91 (0.62, 1.28) "
greenness,Neoplasms/Cancer,Siha,0.38,"1.40 (0.93, 2.10) ","1.90 (1.09, 3.48)*"
pm2p5,Other Cardiovascular Diseases,Moshi,6.7,"1.01 (0.83, 1.23) ","1.00 (0.80, 1.25) "
pm2p5,Other Cardiovascular Diseases,Siha,6.7,"1.01 (0.81, 1.27) ","1.04 (0.83, 1.33) "
total_rainfall,Other Cardiovascular Diseases,Moshi,5.4,"1.00 (0.83, 1.19) ","1.13 (0.85, 1.51) "
total_rainfall,Other Cardiovascular Diseases,Siha,0.0,"1.00 (0.78, 1.32) ","0.83 (0.63, 1.11) "
n_raindays,Other Cardiovascular Diseases,Moshi,1.0,"1.00 (0.86, 1.17) ","1.20 (0.98, 1.50) "
n_raindays,Other Cardiovascular Diseases,Siha,0.0,"1.00 (0.77, 1.27) ","0.93 (0.75, 1.14) "
temp_min,Other Cardiovascular Diseases,Moshi,15.8,"0.98 (0.79, 1.18) ","1.01 (0.71, 1.55) "
temp_min,Other Cardiovascular Diseases,Siha,17.3,"1.22 (0.71, 1.95) ","1.01 (0.69, 1.34) "
temp_mean,Other Cardiovascular Diseases,Moshi,22.6,"1.01 (0.82, 1.32) ","0.86 (0.59, 1.20) "
temp_mean,Other Cardiovascular Diseases,Siha,21.1,"0.97 (0.59, 1.50) ","1.13 (0.91, 1.42) "
temp_max,Other Cardiovascular Diseases,Moshi,28.8,"1.19 (0.98, 1.51) ","0.84 (0.59, 1.13) "
temp_max,Other Cardiovascular Diseases,Siha,27.0,"0.93 (0.65, 1.26) ","1.29 (1.08, 1.63)*"
utci,Other Cardiovascular Diseases,Moshi,26.5,"0.97 (0.80, 1.16) ","0.89 (0.64, 1.23) "
utci,Other Cardiovascular Diseases,Siha,26.1,"0.96 (0.72, 1.26) ","1.18 (1.02, 1.43)*"
greenness,Other Cardiovascular Diseases,Moshi,0.51,"1.05 (0.82, 1.38) ","0.84 (0.67, 1.04) "
greenness,Other Cardiovascular Diseases,Siha,0.47,"0.91 (0.76, 1.09) ","0.81 (0.57, 1.06) "
pm2p5,Mild/Moderate Anemia,Moshi,6.7,"0.96 (0.80, 1.16) ","1.01 (0.83, 1.28) "
pm2p5,Mild/Moderate Anemia,Siha,6.7,"0.95 (0.75, 1.25) ","0.76 (0.58, 0.97)*"
total_rainfall,Mild/Moderate Anemia,Moshi,5.4,"1.00 (0.83, 1.18) ","1.06 (0.80, 1.40) "
total_rainfall,Mild/Moderate Anemia,Siha,0.0,"1.00 (0.78, 1.39) ","0.78 (0.58, 1.03) "
n_raindays,Mild/Moderate Anemia,Moshi,1.0,"1.00 (0.86, 1.16) ","0.95 (0.77, 1.15) "
n_raindays,Mild/Moderate Anemia,Siha,0.0,"1.00 (0.79, 1.36) ","0.76 (0.62, 0.92)*"
temp_min,Mild/Moderate Anemia,Moshi,17.0,"1.03 (0.85, 1.26) ","1.01 (0.69, 1.46) "
temp_min,Mild/Moderate Anemia,Siha,17.3,"1.06 (0.67, 1.68) ","1.00 (0.72, 1.34) "
temp_mean,Mild/Moderate Anemia,Moshi,22.6,"1.06 (0.86, 1.35) ","1.00 (0.70, 1.42) "
temp_mean,Mild/Moderate Anemia,Siha,20.9,"1.09 (0.69, 1.77) ","1.16 (0.93, 1.54) "
temp_max,Mild/Moderate Anemia,Moshi,28.7,"1.05 (0.87, 1.30) ","1.03 (0.75, 1.36) "
temp_max,Mild/Moderate Anemia,Siha,27.0,"1.02 (0.74, 1.36) ","1.26 (1.05, 1.55)*"
utci,Mild/Moderate Anemia,Moshi,27.1,"1.00 (0.84, 1.19) ","0.86 (0.62, 1.18) "
utci,Mild/Moderate Anemia,Siha,26.8,"0.90 (0.66, 1.63) ","1.29 (1.07, 1.98)*"
greenness,Mild/Moderate Anemia,Moshi,0.47,"0.92 (0.71, 1.17) ","0.98 (0.81, 1.19) "
greenness,Mild/Moderate Anemia,Siha,0.47,"1.14 (0.95, 1.42) ","0.99 (0.69, 1.29) "
pm2p5,Caries,Moshi,6.7,"1.05 (0.76, 1.43) ","1.06 (0.76, 1.53) "
pm2p5,Caries,Siha,6.7,"0.92 (0.62, 1.41) ","0.71 (0.48, 1.11) "
total_rainfall,Caries,Moshi,5.4,"1.00 (0.76, 1.32) ","1.31 (0.84, 2.11) "
total_rainfall,Caries,Siha,0.0,"1.00 (0.70, 1.58) ","0.93 (0.59, 1.45) "
n_raindays,Caries,Moshi,1.0,"1.00 (0.76, 1.30) ","1.25 (0.90, 1.84) "
n_raindays,Caries,Siha,0.0,"1.00 (0.70, 1.53) ","0.96 (0.71, 1.35) "
temp_min,Caries,Moshi,16.1,"1.03 (0.77, 1.45) ","0.89 (0.44, 1.53) "
temp_min,Caries,Siha,15.6,"1.19 (0.50, 2.29) ","1.05 (0.52, 1.52) "
temp_mean,Caries,Moshi,22.6,"1.03 (0.77, 1.50) ","0.93 (0.49, 1.50) "
temp_mean,Caries,Siha,22.6,"1.67 (0.85, 3.48) ","1.05 (0.69, 1.43) "
temp_max,Caries,Moshi,28.8,"1.05 (0.80, 1.42) ","0.97 (0.58, 1.55) "
temp_max,Caries,Siha,27.3,"1.78 (1.12, 2.87)*","1.25 (0.93, 1.72) "
utci,Caries,Moshi,26.5,"0.95 (0.67, 1.26) ","0.78 (0.42, 1.33) "
utci,Caries,Siha,27.1,"0.92 (0.56, 1.43) ","1.16 (0.91, 1.62) "
greenness,Caries,Moshi,0.47,"0.95 (0.60, 1.46) ","1.03 (0.73, 1.46) "
greenness,Caries,Siha,0.47,"1.06 (0.75, 1.42) ","1.48 (0.95, 3.23) "
pm2p5,Poisoning,Moshi,6.7,"0.93 (0.71, 1.23) ","0.88 (0.62, 1.17) "
pm2p5,Poisoning,Siha,6.7,"1.04 (0.73, 1.45) ","1.23 (0.90, 1.80) "
total_rainfall,Poisoning,Moshi,5.4,"1.00 (0.79, 1.24) ","0.91 (0.61, 1.34) "
total_rainfall,Poisoning,Siha,0.0,"1.00 (0.55, 1.56) ","0.57 (0.36, 0.85)*"
n_raindays,Poisoning,Moshi,1.0,"1.00 (0.80, 1.23) ","0.92 (0.70, 1.22) "
n_raindays,Poisoning,Siha,0.0,"1.00 (0.69, 1.44) ","0.66 (0.47, 0.88)*"
temp_min,Poisoning,Moshi,17.2,"1.13 (0.85, 1.42) ","1.49 (0.97, 2.61) "
temp_min,Poisoning,Siha,13.2,"1.08 (0.21, 2.03) ","1.35 (0.29, 1.94) "
temp_mean,Poisoning,Moshi,22.8,"1.21 (0.92, 1.65) ","1.26 (0.79, 1.98) "
temp_mean,Poisoning,Siha,21.5,"0.81 (0.32, 1.45) ","1.06 (0.57, 1.40) "
temp_max,Poisoning,Moshi,28.8,"1.19 (0.94, 1.59) ","1.15 (0.73, 1.72) "
temp_max,Poisoning,Siha,27.0,"0.91 (0.51, 1.40) ","1.04 (0.72, 1.35) "
utci,Poisoning,Moshi,26.5,"0.95 (0.73, 1.20) ","1.24 (0.80, 1.98) "
utci,Poisoning,Siha,25.8,"0.83 (0.49, 1.21) ","1.29 (1.02, 1.67)*"
greenness,Poisoning,Moshi,0.51,"0.96 (0.67, 1.39) ","0.85 (0.62, 1.10) "
greenness,Poisoning,Siha,0.40,"1.04 (0.78, 1.39) ","1.06 (0.61, 1.54) "
pm2p5,Snake and Insect Bites,Moshi,6.7,"0.86 (0.66, 1.17) ","0.57 (0.40, 0.77)*"
pm2p5,Snake and Insect Bites,Siha,6.7,"1.07 (0.74, 1.59) ","1.06 (0.69, 1.45) "
total_rainfall,Snake and Insect Bites,Moshi,5.4,"1.00 (0.68, 1.60) ","0.94 (0.61, 1.48) "
total_rainfall,Snake and Insect Bites,Siha,0.0,"1.00 (0.67, 1.40) ","1.56 (1.04, 2.25)*"
n_raindays,Snake and Insect Bites,Moshi,1.0,"1.00 (0.78, 1.30) ","0.76 (0.57, 1.07) "
n_raindays,Snake and Insect Bites,Siha,0.0,"1.00 (0.71, 1.38) ","2.07 (1.59, 2.72)*"
temp_min,Snake and Insect Bites,Moshi,15.1,"1.00 (0.77, 1.31) ","0.80 (0.46, 1.31) "
temp_min,Snake and Insect Bites,Siha,14.4,"0.91 (0.36, 1.64) ","1.30 (0.68, 1.86) "
temp_mean,Snake and Insect Bites,Moshi,21.5,"0.88 (0.65, 1.22) ","0.77 (0.45, 1.21) "
temp_mean,Snake and Insect Bites,Siha,20.4,"0.85 (0.42, 1.53) ","1.34 (1.00, 1.89) "
temp_max,Snake and Insect Bites,Moshi,27.0,"0.93 (0.71, 1.23) ","0.76 (0.47, 1.15) "
temp_max,Snake and Insect Bites,Siha,26.8,"0.84 (0.52, 1.26) ","1.10 (0.87, 1.43) "
utci,Snake and Insect Bites,Moshi,27.1,"1.00 (0.77, 1.25) ","1.01 (0.64, 1.59) "
utci,Snake and Insect Bites,Siha,29.4,"1.04 (0.72, 1.52) ","0.98 (0.77, 1.19) "
greenness,Snake and Insect Bites,Moshi,0.47,"1.25 (0.88, 1.85) ","0.99 (0.73, 1.29) "
greenness,Snake and Insect Bites,Siha,0.53,"1.14 (0.86, 1.47) ","0.99 (0.66, 1.36) "
pm2p5,Substance Abuse,Moshi,6.7,"0.99 (0.57, 1.76) ","0.99 (0.61, 2.23) "
pm2p5,Substance Abuse,Siha,6.7,"1.07 (0.54, 1.97) ","1.87 (1.10, 3.72)*"
total_rainfall,Substance Abuse,Moshi,5.4,"1.00 (0.67, 1.80) ","1.02 (0.50, 2.25) "
total_rainfall,Substance Abuse,Siha,0.0,"1.00 (0.53, 1.88) ","0.57 (0.24, 1.21) "
n_raindays,Substance Abuse,Moshi,1.0,"1.00 (0.68, 1.53) ","1.24 (0.76, 2.59) "
n_raindays,Substance Abuse,Siha,0.0,"1.00 (0.56, 1.76) ","1.02 (0.62, 1.68) "
temp_min,Substance Abuse,Moshi,17.2,"1.18 (0.83, 2.13) ","0.93 (0.23, 2.23) "
temp_min,Substance Abuse,Siha,16.9,"1.34 (0.30, 3.67) ","1.00 (0.26, 1.56) "
temp_mean,Substance Abuse,Moshi,22.6,"1.19 (0.79, 2.55) ","0.80 (0.19, 1.68) "
temp_mean,Substance Abuse,Siha,21.1,"1.55 (0.38, 4.66) ","1.40 (0.66, 2.49) "
temp_max,Substance Abuse,Moshi,28.8,"1.22 (0.81, 2.25) ","0.73 (0.22, 1.51) "
temp_max,Substance Abuse,Siha,26.7,"1.44 (0.54, 3.21) ","1.99 (1.23, 3.95)*"
utci,Substance Abuse,Moshi,26.5,"1.02 (0.64, 1.68) ","0.64 (0.20, 1.51) "
utci,Substance Abuse,Siha,26.5,"0.83 (0.27, 1.57) ","1.31 (0.89, 2.46) "
greenness,Substance Abuse,Moshi,0.37,"1.21 (0.51, 3.07) ","3.79 (2.07, 7.37)*"
greenness,Substance Abuse,Siha,0.61,"2.27 (1.40, 4.40)*","0.97 (0.32, 2.05) "
pm2p5,Fractures,Moshi,6.7,"1.00 (0.79, 1.25) ","0.93 (0.73, 1.19) "
pm2p5,Fractures,Siha,6.7,"1.01 (0.78, 1.33) ","0.90 (0.69, 1.18) "
total_rainfall,Fractures,Moshi,5.4,"1.00 (0.82, 1.24) ","1.01 (0.74, 1.41) "
total_rainfall,Fractures,Siha,0.0,"1.00 (0.76, 1.31) ","1.02 (0.74, 1.38) "
n_raindays,Fractures,Moshi,1.0,"1.00 (0.84, 1.19) ","1.02 (0.82, 1.29) "
n_raindays,Fractures,Siha,0.0,"1.00 (0.75, 1.32) ","1.12 (0.88, 1.41) "
temp_min,Fractures,Moshi,15.7,"1.01 (0.79, 1.22) ","1.12 (0.75, 1.79) "
temp_min,Fractures,Siha,17.3,"1.34 (0.83, 2.31) ","1.02 (0.73, 1.43) "
temp_mean,Fractures,Moshi,21.7,"0.99 (0.78, 1.27) ","1.01 (0.70, 1.53) "
temp_mean,Fractures,Siha,20.4,"0.89 (0.53, 1.44) ","1.17 (0.94, 1.55) "
temp_max,Fractures,Moshi,28.7,"1.03 (0.84, 1.29) ","0.96 (0.67, 1.34) "
temp_max,Fractures,Siha,26.8,"0.85 (0.56, 1.20) ","1.31 (1.08, 1.69)*"
utci,Fractures,Moshi,26.5,"0.99 (0.81, 1.20) ","1.08 (0.77, 1.55) "
utci,Fractures,Siha,25.8,"0.88 (0.62, 1.21) ","1.40 (1.16, 1.71)*"
greenness,Fractures,Moshi,0.51,"1.16 (0.89, 1.53) ","1.03 (0.84, 1.27) "
greenness,Fractures,Siha,0.47,"0.92 (0.76, 1.14) ","0.77 (0.54, 1.01) "
pm2p5,Road Traffic Accidents,Moshi,6.7,"0.87 (0.69, 1.09) ","0.80 (0.62, 1.04) "
pm2p5,Road Traffic Accidents,Siha,6.7,"1.11 (0.84, 1.46) ","1.19 (0.90, 1.60) "
total_rainfall,Road Traffic Accidents,Moshi,5.4,"1.00 (0.82, 1.23) ","1.05 (0.74, 1.47) "
total_rainfall,Road Traffic Accidents,Siha,0.0,"1.00 (0.76, 1.33) ","0.67 (0.49, 0.91)*"
n_raindays,Road Traffic Accidents,Moshi,1.0,"1.00 (0.83, 1.19) ","0.94 (0.74, 1.19) "
n_raindays,Road Traffic Accidents,Siha,0.0,"1.00 (0.76, 1.31) ","0.86 (0.68, 1.07) "
temp_min,Road Traffic Accidents,Moshi,15.7,"0.98 (0.76, 1.19) ","0.97 (0.64, 1.52) "
temp_min,Road Traffic Accidents,Siha,17.1,"0.91 (0.37, 1.47) ","0.99 (0.41, 1.31) "
temp_mean,Road Traffic Accidents,Moshi,21.9,"0.97 (0.75, 1.24) ","0.98 (0.67, 1.48) "
temp_mean,Road Traffic Accidents,Siha,21.4,"0.94 (0.55, 1.48) ","1.02 (0.77, 1.29) "
temp_max,Road Traffic Accidents,Moshi,27.3,"1.01 (0.81, 1.25) ","0.97 (0.69, 1.37) "
temp_max,Road Traffic Accidents,Siha,27.2,"1.05 (0.75, 1.44) ","1.07 (0.89, 1.31) "
utci,Road Traffic Accidents,Moshi,27.1,"1.05 (0.86, 1.31) ","0.97 (0.68, 1.41) "
utci,Road Traffic Accidents,Siha,25.2,"0.84 (0.61, 1.17) ","1.55 (1.29, 1.93)*"
greenness,Road Traffic Accidents,Moshi,0.52,"1.16 (0.85, 1.57) ","0.76 (0.58, 0.97)*"
greenness,Road Traffic Accidents,Siha,0.47,"1.02 (0.83, 1.27) ","0.93 (0.62, 1.27) "
pm2p5,Typhoid,Moshi,6.7,"0.92 (0.56, 1.67) ","0.85 (0.52, 1.64) "
pm2p5,Typhoid,Siha,6.7,"1.07 (0.49, 2.55) ","0.96 (0.46, 4.51) "
total_rainfall,Typhoid,Moshi,5.4,"1.00 (0.63, 1.51) ","0.83 (0.39, 1.69) "
total_rainfall,Typhoid,Siha,0.0,"1.00 (0.50, 2.61) ","0.52 (0.18, 1.28) "
n_raindays,Typhoid,Moshi,1.0,"1.00 (0.60, 1.49) ","1.15 (0.62, 2.03) "
n_raindays,Typhoid,Siha,0.0,"1.00 (0.48, 2.28) ","0.69 (0.23, 1.31) "
temp_min,Typhoid,Moshi,16.3,"1.07 (0.75, 1.79) ","0.98 (0.32, 2.21) "
temp_min,Typhoid,Siha,17.3,"1.59 (0.26, 7.57) ","1.23 (0.22, 2.61) "
temp_mean,Typhoid,Moshi,22.6,"1.09 (0.71, 1.93) ","0.99 (0.37, 2.01) "
temp_mean,Typhoid,Siha,18.4,"1.55 (0.30, 5.36) ","2.53 (1.20, 5.02)*"
temp_max,Typhoid,Moshi,28.8,"1.08 (0.73, 1.73) ","1.02 (0.43, 2.24) "
temp_max,Typhoid,Siha,29.1,"0.76 (0.27, 1.65) ","0.97 (0.59, 1.62) "
utci,Typhoid,Moshi,27.7,"1.05 (0.71, 1.67) ","0.89 (0.37, 2.01) "
utci,Typhoid,Siha,15.1,"14.25 (1.00, 80.81)*","271.76 (112.35, 758.13)*"
greenness,Typhoid,Moshi,0.48,"1.02 (0.47, 2.09) ","1.11 (0.68, 2.07) "
greenness,Typhoid,Siha,0.69,"126.04 (58.50, 303.22)*","2.04 (0.17, 14.35) "
pm2p5,Leprosy,Moshi,6.7,"1.26 (0.36, 3.07) ","1.65 (0.65, 4.78) "
pm2p5,Leprosy,Siha,6.7,"4.08 (0.04, 34.64) ","21 755.06 (3 075.19, 235 579.40)*"
total_rainfall,Leprosy,Moshi,5.4,"1.00 (0.52, 2.11) ","1.20 (0.37, 4.76) "
total_rainfall,Leprosy,Siha,0.0,"1.00 (0.16, 5.34) ","0.76 (0.06, 5.79) "
n_raindays,Leprosy,Moshi,1.0,"1.00 (0.47, 2.30) ","1.22 (0.49, 4.07) "
n_raindays,Leprosy,Siha,0.0,"1.00 (0.09, 3.51) ","2.28 (0.57, 11.15) "
temp_min,Leprosy,Moshi,19.7,"1.47 (0.90, 3.64) ","1.04 (0.14, 3.61) "
temp_min,Leprosy,Siha,14.1,"0.44 (0.00, 48.71) ","17.01 (0.19, 114.82) "
temp_mean,Leprosy,Moshi,22.9,"1.11 (0.58, 2.63) ","0.92 (0.20, 2.86) "
temp_mean,Leprosy,Siha,21.7,"1.84 (0.01, 116.92) ","1.19 (0.03, 3.98) "
temp_max,Leprosy,Moshi,29.0,"0.99 (0.49, 1.99) ","0.92 (0.24, 3.42) "
temp_max,Leprosy,Siha,28.0,"4.95 (0.70, 103.24) ","1.62 (0.34, 7.92) "
utci,Leprosy,Moshi,28.9,"1.48 (0.84, 3.77) ","0.68 (0.14, 2.60) "
utci,Leprosy,Siha,27.8,"0.92 (0.07, 9.84) ","1.16 (0.37, 6.52) "
greenness,Leprosy,Moshi,0.47,"0.65 (0.14, 2.11) ","1.04 (0.44, 3.10) "
greenness,Leprosy,Siha,0.47,"1.11 (0.33, 3.94) ","1.29 (0.32, 12.29) "
pm2p5,Schistosomiasis,Moshi,6.7,"0.99 (0.59, 1.69) ","0.98 (0.51, 1.67) "
pm2p5,Schistosomiasis,Siha,6.7,"1.15 (0.49, 2.31) ","1.69 (0.93, 4.39) "
total_rainfall,Schistosomiasis,Moshi,5.4,"1.00 (0.64, 1.63) ","0.64 (0.27, 1.37) "
total_rainfall,Schistosomiasis,Siha,0.0,"1.00 (0.57, 2.23) ","0.72 (0.32, 1.58) "
n_raindays,Schistosomiasis,Moshi,1.0,"1.00 (0.57, 1.52) ","1.47 (0.87, 2.76) "
n_raindays,Schistosomiasis,Siha,0.0,"1.00 (0.50, 3.61) ","0.71 (0.36, 1.41) "
temp_min,Schistosomiasis,Moshi,16.0,"1.04 (0.67, 1.53) ","1.22 (0.52, 3.14) "
temp_min,Schistosomiasis,Siha,14.4,"0.92 (0.03, 3.26) ","1.38 (0.05, 2.62) "
temp_mean,Schistosomiasis,Moshi,21.5,"1.02 (0.62, 1.63) ","1.15 (0.53, 2.82) "
temp_mean,Schistosomiasis,Siha,21.3,"0.80 (0.07, 2.42) ","1.06 (0.47, 1.95) "
temp_max,Schistosomiasis,Moshi,27.1,"1.01 (0.65, 1.53) ","1.16 (0.56, 2.60) "
temp_max,Schistosomiasis,Siha,28.9,"0.94 (0.32, 2.40) ","0.97 (0.49, 1.56) "
utci,Schistosomiasis,Moshi,26.5,"0.97 (0.60, 1.42) ","1.16 (0.52, 2.89) "
utci,Schistosomiasis,Siha,28.7,"1.09 (0.40, 2.67) ","1.04 (0.49, 1.68) "
greenness,Schistosomiasis,Moshi,0.47,"1.01 (0.50, 2.02) ","0.99 (0.59, 1.66) "
greenness,Schistosomiasis,Siha,0.36,"2.30 (1.09, 4.37)*","2.65 (1.08, 6.79)*"
